province;herd;cow;visit;tx;fec;lact;season;past_lact;man_heif;man_lact
1;1;46;5;0;3;1;2;1;0;0
1;1;46;6;0;3;1;2;1;0;0
1;1;46;7;0;11;1;2;1;0;0
1;1;46;8;0;7;1;3;1;0;0
1;1;46;9;0;17;1;3;1;0;0
1;1;46;10;0;6;1;3;1;0;0
1;1;46;11;0;21;1;4;1;0;0
1;1;46;12;0;3;1;4;1;0;0
1;1;60;2;0;0;1;1;1;0;0
1;1;60;3;0;0;1;1;1;0;0
1;1;60;4;0;0;1;1;1;0;0
1;1;70;2;0;2;0;1;1;0;0
1;1;70;3;0;0;0;1;1;0;0
1;1;70;5;0;5;1;2;1;0;0
1;1;70;6;0;0;1;2;1;0;0
1;1;70;7;0;0;1;2;1;0;0
1;1;70;8;0;0;1;3;1;0;0
1;1;70;9;0;2;1;3;1;0;0
1;1;70;10;0;0;1;3;1;0;0
1;1;70;11;0;0;1;4;1;0;0
1;1;70;12;0;2;1;4;1;0;0
1;1;72;2;0;23;0;1;1;0;0
1;1;72;3;0;12;0;1;1;0;0
1;1;72;4;0;15;0;1;1;0;0
1;1;72;6;0;21;0;2;1;0;0
1;1;72;7;0;40;0;2;1;0;0
1;1;72;8;0;27;1;3;1;0;0
1;1;72;9;0;52;1;3;1;0;0
1;1;72;10;0;6;1;3;1;0;0
1;1;72;11;0;1;1;4;1;0;0
1;1;72;12;0;13;1;4;1;0;0
1;1;73;2;0;8;0;1;1;0;0
1;1;73;3;0;9;0;1;1;0;0
1;1;73;5;0;9;0;2;1;0;0
1;1;73;6;1;0;1;2;1;0;0
1;1;73;7;1;0;1;2;1;0;0
1;1;73;8;1;0;1;3;1;0;0
1;1;73;9;1;0;1;3;1;0;0
1;1;73;10;1;7;1;3;1;0;0
1;1;73;11;1;0;1;4;1;0;0
1;1;73;12;1;3;1;4;1;0;0
1;1;77;2;1;0;1;1;1;0;0
1;1;77;3;1;0;1;1;1;0;0
1;1;77;4;1;0;1;1;1;0;0
1;1;77;5;1;0;1;2;1;0;0
1;1;77;6;1;1;1;2;1;0;0
1;1;77;7;1;0;1;2;1;0;0
1;1;77;8;1;2;1;3;1;0;0
1;1;77;9;1;4;1;3;1;0;0
1;1;77;10;1;12;1;3;1;0;0
1;1;77;11;1;17;1;4;1;0;0
1;1;77;12;1;26;1;4;1;0;0
1;1;92;2;0;4;1;1;1;0;0
1;1;92;5;0;0;1;2;1;0;0
1;1;92;6;0;0;1;2;1;0;0
1;1;92;7;0;0;1;2;1;0;0
1;1;92;8;0;0;1;3;1;0;0
1;1;92;9;0;0;1;3;1;0;0
1;1;92;10;0;1;1;3;1;0;0
1;1;92;11;0;0;1;4;1;0;0
1;1;92;12;0;5;1;4;1;0;0
1;1;186;5;0;4;1;2;1;0;0
1;1;186;6;0;2;1;2;1;0;0
1;1;186;7;0;0;1;2;1;0;0
1;1;186;8;0;0;1;3;1;0;0
1;1;186;9;0;0;1;3;1;0;0
1;1;186;10;0;0;1;3;1;0;0
1;1;186;11;0;0;1;4;1;0;0
1;1;186;12;0;0;1;4;1;0;0
1;1;190;2;0;6;1;1;1;0;0
1;1;190;3;0;3;1;1;1;0;0
1;1;190;4;0;5;1;1;1;0;0
1;1;190;5;0;0;1;2;1;0;0
1;1;190;6;0;4;1;2;1;0;0
1;1;190;7;0;1;1;2;1;0;0
1;1;190;8;0;13;1;3;1;0;0
1;1;190;9;0;24;1;3;1;0;0
1;1;190;10;1;5;1;3;1;0;0
1;1;190;11;1;2;1;4;1;0;0
1;1;190;12;1;0;1;4;1;0;0
1;2;101;2;0;17;1;1;1;0;0
1;2;101;3;0;2;1;1;1;0;0
1;2;101;4;0;0;1;2;1;0;0
1;2;101;5;0;0;1;2;1;0;0
1;2;101;6;0;0;1;2;1;0;0
1;2;101;7;0;0;1;3;1;0;0
1;2;101;8;0;1;1;3;1;0;0
1;2;101;9;0;1;1;3;1;0;0
1;2;101;10;0;1;1;4;1;0;0
1;2;101;11;0;0;1;4;1;0;0
1;2;101;12;0;1;1;4;1;0;0
1;2;106;2;0;0;1;1;1;0;0
1;2;106;3;0;2;1;1;1;0;0
1;2;106;4;0;5;1;2;1;0;0
1;2;106;5;0;8;1;2;1;0;0
1;2;106;6;0;20;1;2;1;0;0
1;2;106;7;0;185;1;3;1;0;0
1;2;110;2;0;2;1;1;1;0;0
1;2;110;3;0;0;1;1;1;0;0
1;2;110;4;0;0;1;2;1;0;0
1;2;110;5;0;4;1;2;1;0;0
1;2;110;6;0;0;1;2;1;0;0
1;2;110;7;1;0;1;3;1;0;0
1;2;110;8;1;1;1;3;1;0;0
1;2;110;9;1;2;1;3;1;0;0
1;2;110;10;1;4;1;4;1;0;0
1;2;110;11;1;5;1;4;1;0;0
1;2;110;12;1;3;1;4;1;0;0
1;2;128;3;0;4;1;1;1;0;0
1;2;128;4;0;0;1;2;1;0;0
1;2;128;5;0;0;1;2;1;0;0
1;2;128;6;0;1;1;2;1;0;0
1;2;128;7;0;0;1;3;1;0;0
1;2;128;8;0;2;1;3;1;0;0
1;2;128;9;0;14;1;3;1;0;0
1;2;128;10;0;3;1;4;1;0;0
1;2;128;11;0;8;1;4;1;0;0
1;2;128;12;0;4;1;4;1;0;0
1;2;133;2;0;3;0;1;1;0;0
1;2;133;3;0;0;0;1;1;0;0
1;2;133;4;0;0;0;2;1;0;0
1;2;133;5;0;3;0;2;1;0;0
1;2;133;6;0;6;0;2;1;0;0
1;2;133;7;0;30;1;3;1;0;0
1;2;133;8;0;11;1;3;1;0;0
1;2;133;9;0;18;1;3;1;0;0
1;2;133;10;0;7;1;4;1;0;0
1;2;133;11;0;4;1;4;1;0;0
1;2;133;12;0;6;1;4;1;0;0
1;2;137;2;0;31;0;1;1;0;0
1;2;137;3;0;52;0;1;1;0;0
1;2;137;4;0;44;0;2;1;0;0
1;2;137;5;0;26;0;2;1;0;0
1;2;137;6;0;38;0;2;1;0;0
1;2;137;7;1;0;1;3;1;0;0
1;2;138;2;0;78;0;1;1;0;0
1;2;138;3;0;19;0;1;1;0;0
1;2;138;4;0;16;0;2;1;0;0
1;2;138;5;0;35;0;2;1;0;0
1;2;138;6;0;33;0;2;1;0;0
1;2;138;7;0;55;0;3;1;0;0
1;2;141;2;0;0;0;1;1;0;0
1;2;141;3;0;0;0;1;1;0;0
1;2;141;4;0;0;0;2;1;0;0
1;2;141;5;0;2;0;2;1;0;0
1;2;141;6;0;8;0;2;1;0;0
1;2;141;7;0;12;0;3;1;0;0
1;2;141;8;0;76;0;3;1;0;0
1;2;141;9;0;320;0;3;1;0;0
1;2;141;10;0;198;0;4;1;0;0
1;2;141;11;0;157;0;4;1;0;0
1;2;141;12;0;228;0;4;1;0;0
1;3;265;1;0;4;1;1;1;1;1
1;3;265;2;0;3;1;1;1;1;1
1;3;265;3;0;0;1;1;1;1;1
1;3;265;4;0;0;1;2;1;1;1
1;3;265;5;0;0;1;2;1;1;1
1;3;265;6;0;1;1;2;1;1;1
1;3;265;7;0;0;1;3;1;1;1
1;3;265;8;0;1;1;3;1;1;1
1;3;265;11;1;1;1;4;1;1;1
1;3;265;12;1;0;1;4;1;1;1
1;3;275;1;0;3;0;1;1;1;1
1;3;275;2;0;0;0;1;1;1;1
1;3;275;3;0;0;0;1;1;1;1
1;3;275;4;0;0;0;2;1;1;1
1;3;275;5;0;0;0;2;1;1;1
1;3;275;6;0;0;0;2;1;1;1
1;3;290;1;0;36;0;1;1;1;1
1;3;290;2;0;42;0;1;1;1;1
1;3;290;3;0;19;0;1;1;1;1
1;3;290;4;0;12;0;2;1;1;1
1;3;290;5;0;0;0;2;1;1;1
1;3;290;6;0;1;0;2;1;1;1
1;3;290;7;0;0;0;3;1;1;1
1;3;290;8;0;0;0;3;1;1;1
1;3;290;9;0;0;0;3;1;1;1
1;3;290;10;0;0;0;4;1;1;1
1;3;290;12;0;23;1;4;1;1;1
1;3;299;1;0;19;1;1;1;1;1
1;3;299;2;0;10;1;1;1;1;1
1;3;299;3;0;8;1;1;1;1;1
1;3;299;4;0;7;1;2;1;1;1
1;3;299;5;0;14;1;2;1;1;1
1;3;299;6;0;8;1;2;1;1;1
1;3;299;7;0;4;1;3;1;1;1
1;3;299;8;0;12;1;3;1;1;1
1;3;299;9;0;11;1;3;1;1;1
1;3;299;10;0;5;1;4;1;1;1
1;3;299;11;0;8;1;4;1;1;1
1;3;299;12;0;22;1;4;1;1;1
1;3;301;1;0;0;1;1;1;1;1
1;3;301;2;0;0;1;1;1;1;1
1;3;301;3;0;0;1;1;1;1;1
1;3;301;4;0;0;1;2;1;1;1
1;3;301;5;0;0;1;2;1;1;1
1;3;301;6;0;0;1;2;1;1;1
1;3;301;7;0;0;1;3;1;1;1
1;3;301;8;0;0;1;3;1;1;1
1;3;301;9;0;4;1;3;1;1;1
1;3;301;10;0;1;1;4;1;1;1
1;3;301;11;0;0;1;4;1;1;1
1;3;301;12;0;0;1;4;1;1;1
1;3;312;1;0;4;0;1;1;1;1
1;3;312;2;0;14;0;1;1;1;1
1;3;312;3;0;6;0;1;1;1;1
1;3;312;4;0;4;0;2;1;1;1
1;3;312;5;0;3;0;2;1;1;1
1;3;312;6;0;5;0;2;1;1;1
1;3;312;7;0;2;0;3;1;1;1
1;3;312;8;0;6;0;3;1;1;1
1;3;312;11;1;0;1;4;1;1;1
1;3;312;12;1;0;1;4;1;1;1
1;3;314;1;0;28;0;1;1;1;1
1;3;314;2;0;19;0;1;1;1;1
1;3;314;3;0;5;0;1;1;1;1
1;3;314;4;0;15;0;2;1;1;1
1;3;314;5;0;16;0;2;1;1;1
1;3;314;6;0;19;0;2;1;1;1
1;3;314;7;0;19;0;3;1;1;1
1;3;314;8;0;15;0;3;1;1;1
1;3;314;9;0;13;0;3;1;1;1
1;3;314;10;0;26;0;4;1;1;1
1;3;314;12;0;72;0;4;1;1;1
1;3;315;1;0;0;1;1;1;1;1
1;3;315;2;0;0;1;1;1;1;1
1;3;315;3;0;0;1;1;1;1;1
1;3;315;5;0;0;1;2;1;1;1
1;3;315;6;0;0;1;2;1;1;1
1;3;315;7;0;0;1;3;1;1;1
1;4;266;1;0;16;0;1;1;1;1
1;4;266;2;0;2;0;1;1;1;1
1;4;266;3;0;2;0;1;1;1;1
1;4;266;4;0;6;0;2;1;1;1
1;4;266;5;0;2;0;2;1;1;1
1;4;266;6;0;2;0;2;1;1;1
1;4;266;7;0;2;0;3;1;1;1
1;4;266;10;0;22;1;4;1;1;1
1;4;266;11;0;9;1;4;1;1;1
1;4;266;12;0;3;1;4;1;1;1
1;4;282;1;0;0;1;1;1;1;1
1;4;282;2;0;0;1;1;1;1;1
1;4;282;3;0;0;1;1;1;1;1
1;4;282;4;0;0;1;2;1;1;1
1;4;282;5;0;0;1;2;1;1;1
1;4;282;6;0;0;1;2;1;1;1
1;4;282;7;0;0;1;3;1;1;1
1;4;282;8;0;4;1;3;1;1;1
1;4;282;9;0;6;1;4;1;1;1
1;4;285;1;0;0;0;1;1;1;1
1;4;285;2;0;2;0;1;1;1;1
1;4;285;3;0;0;0;1;1;1;1
1;4;285;4;0;0;0;2;1;1;1
1;4;285;7;0;2;1;3;1;1;1
1;4;285;8;0;244;1;3;1;1;1
1;4;285;9;0;59;1;4;1;1;1
1;4;285;10;0;80;1;4;1;1;1
1;4;285;11;0;26;1;4;1;1;1
1;4;285;12;0;21;1;4;1;1;1
1;4;289;1;0;63;1;1;1;1;1
1;4;289;2;0;43;1;1;1;1;1
1;4;289;3;0;9;1;1;1;1;1
1;4;289;4;0;40;1;2;1;1;1
1;4;289;5;0;19;1;2;1;1;1
1;4;289;6;0;1;1;2;1;1;1
1;4;291;1;0;0;0;1;1;1;1
1;4;291;2;0;2;0;1;1;1;1
1;4;291;3;0;1;0;1;1;1;1
1;4;291;4;0;4;0;2;1;1;1
1;4;291;5;0;6;0;2;1;1;1
1;4;291;6;0;7;0;2;1;1;1
1;4;291;7;0;19;0;3;1;1;1
1;4;291;8;0;14;0;3;1;1;1
1;4;291;9;0;0;0;4;1;1;1
1;4;291;10;0;0;0;4;1;1;1
1;4;291;11;0;4;0;4;1;1;1
1;4;291;12;0;1;0;4;1;1;1
1;4;294;1;0;4;1;1;1;1;1
1;4;294;2;0;4;1;1;1;1;1
1;4;294;3;0;2;1;1;1;1;1
1;4;294;4;0;2;1;2;1;1;1
1;4;294;5;0;2;1;2;1;1;1
1;4;294;6;0;0;1;2;1;1;1
1;4;294;7;0;3;1;3;1;1;1
1;4;294;8;0;22;1;3;1;1;1
1;4;294;9;0;0;1;4;1;1;1
1;4;294;10;0;6;1;4;1;1;1
1;4;294;11;0;0;1;4;1;1;1
1;4;294;12;0;0;1;4;1;1;1
1;4;305;1;0;1;0;1;1;1;1
1;4;305;2;0;7;0;1;1;1;1
1;4;305;3;0;3;0;1;1;1;1
1;4;305;4;0;3;0;2;1;1;1
1;4;305;5;0;4;0;2;1;1;1
1;4;305;6;0;0;0;2;1;1;1
1;4;310;1;0;3;1;1;1;1;1
1;4;310;2;0;0;1;1;1;1;1
1;4;310;3;0;2;1;1;1;1;1
1;4;310;4;0;5;1;2;1;1;1
1;4;310;5;0;1;1;2;1;1;1
1;4;310;6;0;6;1;2;1;1;1
1;4;310;7;0;2;1;3;1;1;1
1;4;310;8;0;6;1;3;1;1;1
1;4;310;9;0;2;1;4;1;1;1
1;4;310;10;0;2;1;4;1;1;1
1;4;310;11;0;1;1;4;1;1;1
1;4;310;12;0;1;1;4;1;1;1
1;5;28;1;0;6;0;1;1;1;1
1;5;28;2;0;2;0;1;1;1;1
1;5;28;3;0;1;0;1;1;1;1
1;5;28;4;0;1;0;2;1;1;1
1;5;28;5;0;3;0;2;1;1;1
1;5;28;6;0;16;0;2;1;1;1
1;5;28;7;0;30;0;3;1;1;1
1;5;28;8;0;11;0;3;1;1;1
1;5;28;10;0;55;1;4;1;1;1
1;5;28;11;0;29;1;4;1;1;1
1;5;28;12;0;0;1;4;1;1;1
1;5;65;1;0;0;1;1;1;1;1
1;5;65;2;0;1;1;1;1;1;1
1;5;65;3;0;0;1;1;1;1;1
1;5;65;4;0;0;1;2;1;1;1
1;5;65;5;0;1;1;2;1;1;1
1;5;65;6;0;1;1;2;1;1;1
1;5;65;7;0;2;1;3;1;1;1
1;5;65;8;0;2;1;3;1;1;1
1;5;65;9;0;0;1;3;1;1;1
1;5;65;10;0;10;1;4;1;1;1
1;5;65;12;0;0;1;4;1;1;1
1;5;107;1;0;4;1;1;1;1;1
1;5;107;2;0;4;1;1;1;1;1
1;5;107;3;0;0;1;1;1;1;1
1;5;107;4;0;1;1;2;1;1;1
1;5;107;5;0;1;1;2;1;1;1
1;5;107;6;0;5;1;2;1;1;1
1;5;107;7;0;6;1;3;1;1;1
1;5;107;9;0;3;1;3;1;1;1
1;5;107;10;0;6;1;4;1;1;1
1;5;107;11;0;18;1;4;1;1;1
1;5;107;12;0;1;1;4;1;1;1
1;5;117;1;0;1;0;1;1;1;1
1;5;117;2;0;3;0;1;1;1;1
1;5;117;3;0;0;0;1;1;1;1
1;5;117;4;0;6;0;2;1;1;1
1;5;117;5;0;4;0;2;1;1;1
1;5;117;6;1;0;1;2;1;1;1
1;5;117;7;1;0;1;3;1;1;1
1;5;117;8;1;0;1;3;1;1;1
1;5;117;9;1;1;1;3;1;1;1
1;5;117;10;1;0;1;4;1;1;1
1;5;117;11;1;2;1;4;1;1;1
1;5;117;12;1;0;1;4;1;1;1
1;5;122;1;0;78;0;1;1;1;1
1;5;122;2;0;108;0;1;1;1;1
1;5;122;3;0;12;0;1;1;1;1
1;5;122;4;0;6;0;2;1;1;1
1;5;122;5;0;8;0;2;1;1;1
1;5;122;6;0;15;0;2;1;1;1
1;5;122;7;0;48;0;3;1;1;1
1;5;122;8;0;77;0;3;1;1;1
1;5;122;9;0;20;0;3;1;1;1
1;5;122;10;0;59;0;4;1;1;1
1;5;122;12;0;83;1;4;1;1;1
1;5;129;1;0;5;0;1;1;1;1
1;5;129;2;0;8;0;1;1;1;1
1;5;129;3;0;1;0;1;1;1;1
1;5;129;4;0;0;0;2;1;1;1
1;5;129;5;0;0;0;2;1;1;1
1;5;129;6;0;0;0;2;1;1;1
1;5;129;7;0;0;0;3;1;1;1
1;5;129;8;0;5;0;3;1;1;1
1;5;129;9;0;1;0;3;1;1;1
1;5;129;10;0;2;0;4;1;1;1
1;5;129;11;0;13;0;4;1;1;1
1;5;129;12;0;2;0;4;1;1;1
1;5;167;1;0;0;1;1;1;1;1
1;5;167;2;0;0;1;1;1;1;1
1;5;167;3;0;0;1;1;1;1;1
1;5;167;4;0;0;1;2;1;1;1
1;5;167;5;0;0;1;2;1;1;1
1;5;167;6;0;0;1;2;1;1;1
1;5;167;7;0;4;1;3;1;1;1
1;5;167;8;0;9;1;3;1;1;1
1;5;167;9;0;3;1;3;1;1;1
1;5;167;10;0;2;1;4;1;1;1
1;5;167;11;0;5;1;4;1;1;1
1;5;167;12;0;4;1;4;1;1;1
1;5;168;1;0;0;1;1;1;1;1
1;5;168;2;0;0;1;1;1;1;1
1;5;168;3;0;0;1;1;1;1;1
1;5;168;4;0;1;1;2;1;1;1
1;5;168;5;0;2;1;2;1;1;1
1;5;168;6;0;0;1;2;1;1;1
1;5;168;7;0;0;1;3;1;1;1
1;5;168;8;0;10;1;3;1;1;1
1;5;168;9;0;1;1;3;1;1;1
1;5;168;10;0;11;1;4;1;1;1
1;5;168;11;0;5;1;4;1;1;1
1;5;168;12;0;0;1;4;1;1;1
1;6;11;1;0;0;0;1;1;1;1
1;6;11;2;0;0;0;1;1;1;1
1;6;11;4;0;0;0;2;1;1;1
1;6;11;5;0;0;1;2;1;1;1
1;6;11;6;0;0;1;2;1;1;1
1;6;11;7;0;0;1;3;1;1;1
1;6;11;8;0;0;1;3;1;1;1
1;6;11;9;0;3;1;3;1;1;1
1;6;11;10;0;2;1;4;1;1;1
1;6;11;11;0;0;1;4;1;1;1
1;6;11;12;0;0;1;4;1;1;1
1;6;93;1;0;0;1;1;1;1;1
1;6;93;3;0;0;1;1;1;1;1
1;6;93;4;0;0;1;2;1;1;1
1;6;93;5;0;0;1;2;1;1;1
1;6;93;6;0;0;1;2;1;1;1
1;6;93;7;0;0;1;3;1;1;1
1;6;93;8;0;1;1;3;1;1;1
1;6;93;9;0;1;1;3;1;1;1
1;6;93;10;0;7;1;4;1;1;1
1;6;93;11;0;0;1;4;1;1;1
1;6;93;12;0;0;1;4;1;1;1
1;6;125;1;0;12;1;1;1;1;1
1;6;125;2;0;14;1;1;1;1;1
1;6;125;3;0;12;1;1;1;1;1
1;6;125;4;0;10;1;2;1;1;1
1;6;125;5;0;12;1;2;1;1;1
1;6;125;6;0;14;1;2;1;1;1
1;6;125;7;1;0;1;3;1;1;1
1;6;125;8;1;1;1;3;1;1;1
1;6;125;9;1;1;1;3;1;1;1
1;6;125;10;1;16;1;4;1;1;1
1;6;125;11;1;4;1;4;1;1;1
1;6;125;12;1;19;1;4;1;1;1
1;6;159;1;0;7;0;1;1;1;1
1;6;159;2;0;6;0;1;1;1;1
1;6;159;4;0;2;0;2;1;1;1
1;6;159;5;1;0;1;2;1;1;1
1;6;159;6;1;0;1;2;1;1;1
1;6;159;7;1;0;1;3;1;1;1
1;6;159;8;1;0;1;3;1;1;1
1;6;159;9;1;0;1;3;1;1;1
1;6;159;10;1;0;1;4;1;1;1
1;6;159;11;1;1;1;4;1;1;1
1;6;159;12;1;4;1;4;1;1;1
1;6;178;1;0;126;0;1;1;1;1
1;6;178;2;0;65;0;1;1;1;1
1;6;178;3;0;48;0;1;1;1;1
1;6;178;4;0;68;0;2;1;1;1
1;6;178;5;0;22;0;2;1;1;1
1;6;178;6;0;60;0;2;1;1;1
1;6;178;8;0;26;0;3;1;1;1
1;6;178;9;0;28;0;3;1;1;1
1;6;178;10;1;2;1;4;1;1;1
1;6;178;11;1;0;1;4;1;1;1
1;6;178;12;1;6;1;4;1;1;1
1;6;189;1;0;6;0;1;1;1;1
1;6;189;2;0;7;0;1;1;1;1
1;6;189;4;0;3;0;2;1;1;1
1;6;189;5;1;0;1;2;1;1;1
1;6;189;6;1;0;1;2;1;1;1
1;6;189;7;1;0;1;3;1;1;1
1;6;189;8;1;0;1;3;1;1;1
1;6;189;9;1;0;1;3;1;1;1
1;6;189;10;1;0;1;4;1;1;1
1;6;189;11;1;5;1;4;1;1;1
1;6;189;12;1;14;1;4;1;1;1
1;6;193;1;0;18;1;1;1;1;1
1;6;193;2;0;13;1;1;1;1;1
1;6;193;4;0;14;1;2;1;1;1
1;6;193;5;1;0;1;2;1;1;1
1;6;193;6;1;0;1;2;1;1;1
1;6;193;7;1;0;1;3;1;1;1
1;6;193;8;1;0;1;3;1;1;1
1;6;193;9;1;3;1;3;1;1;1
1;6;193;10;1;0;1;4;1;1;1
1;6;193;11;1;7;1;4;1;1;1
1;6;193;12;1;0;1;4;1;1;1
1;6;200;1;0;0;1;1;1;1;1
1;6;200;2;0;0;1;1;1;1;1
1;6;200;3;0;0;1;1;1;1;1
1;6;200;4;0;0;1;2;1;1;1
1;6;200;5;0;0;1;2;1;1;1
1;6;200;6;0;0;1;2;1;1;1
1;6;200;8;0;0;1;3;1;1;1
1;6;200;9;1;0;1;3;1;1;1
1;6;200;10;1;0;1;4;1;1;1
1;6;200;11;1;0;1;4;1;1;1
1;6;200;12;1;15;1;4;1;1;1
1;7;29;1;0;0;1;1;1;0;0
1;7;29;4;0;0;1;2;1;0;0
1;7;29;5;0;0;1;2;1;0;0
1;7;29;6;0;0;1;2;1;0;0
1;7;29;7;0;0;1;3;1;0;0
1;7;29;8;0;0;1;3;1;0;0
1;7;29;9;0;1;1;3;1;0;0
1;7;29;10;0;0;1;4;1;0;0
1;7;29;11;0;0;1;4;1;0;0
1;7;29;12;0;2;1;4;1;0;0
1;7;71;1;0;0;0;1;1;0;0
1;7;71;2;0;0;0;1;1;0;0
1;7;71;4;0;0;0;2;1;0;0
1;7;71;5;0;2;1;2;1;0;0
1;7;71;6;0;0;1;2;1;0;0
1;7;71;7;0;0;1;3;1;0;0
1;7;71;8;0;4;1;3;1;0;0
1;7;71;9;0;1;1;3;1;0;0
1;7;71;10;0;0;1;4;1;0;0
1;7;71;11;0;2;1;4;1;0;0
1;7;71;12;0;0;1;4;1;0;0
1;7;74;1;0;54;0;1;1;0;0
1;7;74;2;0;60;0;1;1;0;0
1;7;74;3;0;8;0;1;1;0;0
1;7;74;4;0;5;0;2;1;0;0
1;7;74;5;0;11;0;2;1;0;0
1;7;74;6;0;2;0;2;1;0;0
1;7;74;7;0;0;0;3;1;0;0
1;7;74;8;0;0;0;3;1;0;0
1;7;74;11;0;29;0;4;1;0;0
1;7;74;12;0;14;0;4;1;0;0
1;7;78;1;0;21;0;1;1;0;0
1;7;78;2;0;16;0;1;1;0;0
1;7;78;3;0;1;0;1;1;0;0
1;7;78;4;0;4;0;2;1;0;0
1;7;78;5;0;15;0;2;1;0;0
1;7;78;6;0;1;0;2;1;0;0
1;7;78;7;0;1;0;3;1;0;0
1;7;78;8;0;10;0;3;1;0;0
1;7;78;9;0;4;0;3;1;0;0
1;7;78;10;0;2;0;4;1;0;0
1;7;78;11;0;7;0;4;1;0;0
1;7;78;12;0;3;0;4;1;0;0
1;7;85;1;0;17;0;1;1;0;0
1;7;85;2;0;21;0;1;1;0;0
1;7;85;3;0;4;0;1;1;0;0
1;7;85;4;0;2;0;2;1;0;0
1;7;85;5;0;7;0;2;1;0;0
1;7;85;6;0;1;0;2;1;0;0
1;7;85;7;0;7;0;3;1;0;0
1;7;85;8;0;1;0;3;1;0;0
1;7;85;10;1;0;1;4;1;0;0
1;7;85;11;1;0;1;4;1;0;0
1;7;85;12;1;2;1;4;1;0;0
1;7;176;1;0;5;1;1;1;0;0
1;7;176;2;0;1;1;1;1;0;0
1;7;176;3;0;0;1;1;1;0;0
1;7;176;4;0;0;1;2;1;0;0
1;7;176;5;0;2;1;2;1;0;0
1;7;176;6;0;0;1;2;1;0;0
1;7;176;7;1;0;1;3;1;0;0
1;7;176;8;1;0;1;3;1;0;0
1;7;176;9;1;1;1;3;1;0;0
1;7;176;10;1;3;1;4;1;0;0
1;7;176;11;1;17;1;4;1;0;0
1;7;176;12;1;1;1;4;1;0;0
1;7;191;1;0;3;1;1;1;0;0
1;7;191;2;0;3;1;1;1;0;0
1;7;191;3;0;0;1;1;1;0;0
1;7;191;4;0;0;1;2;1;0;0
1;7;191;5;0;0;1;2;1;0;0
1;7;191;6;0;1;1;2;1;0;0
1;7;191;7;0;1;1;3;1;0;0
1;7;191;8;0;2;1;3;1;0;0
1;7;191;9;0;0;1;3;1;0;0
1;7;191;10;0;0;1;4;1;0;0
1;7;191;11;0;0;1;4;1;0;0
1;7;191;12;0;0;1;4;1;0;0
1;7;197;1;0;2;1;1;1;0;0
1;7;197;2;0;4;1;1;1;0;0
1;7;197;3;0;0;1;1;1;0;0
1;7;197;4;0;0;1;2;1;0;0
1;7;197;5;0;1;1;2;1;0;0
1;7;197;6;0;0;1;2;1;0;0
1;7;197;7;0;0;1;3;1;0;0
1;7;197;8;0;8;1;3;1;0;0
1;7;197;9;0;5;1;3;1;0;0
1;7;197;10;0;2;1;4;1;0;0
1;7;197;11;0;5;1;4;1;0;0
1;7;197;12;0;0;1;4;1;0;0
1;8;48;1;0;0;1;1;0;1;0
1;8;48;2;0;0;1;1;0;1;0
1;8;48;3;0;0;1;2;0;1;0
1;8;48;4;0;1;1;2;0;1;0
1;8;48;5;0;2;1;2;0;1;0
1;8;48;6;0;9;1;3;0;1;0
1;8;48;7;0;26;1;3;0;1;0
1;8;57;1;0;3;1;1;0;1;0
1;8;57;3;0;0;1;2;0;1;0
1;8;57;4;0;0;1;2;0;1;0
1;8;57;5;0;0;1;2;0;1;0
1;8;57;6;0;0;1;3;0;1;0
1;8;57;7;0;2;1;3;0;1;0
1;8;57;8;0;7;1;3;0;1;0
1;8;84;1;0;4;1;1;0;1;0
1;8;84;2;0;6;1;1;0;1;0
1;8;84;3;0;5;1;2;0;1;0
1;8;84;4;0;10;1;2;0;1;0
1;8;84;5;0;10;1;2;0;1;0
1;8;84;6;0;10;1;3;0;1;0
1;8;84;7;0;3;1;3;0;1;0
1;8;84;8;0;3;1;3;0;1;0
1;8;84;9;0;4;1;4;0;1;0
1;8;84;10;0;0;1;4;0;1;0
1;8;84;11;0;3;1;4;0;1;0
1;8;91;1;0;0;0;1;0;1;0
1;8;91;2;0;0;0;1;0;1;0
1;8;91;3;0;1;0;2;0;1;0
1;8;91;4;0;0;0;2;0;1;0
1;8;91;5;0;0;0;2;0;1;0
1;8;91;6;0;0;0;3;0;1;0
1;8;91;7;0;1;0;3;0;1;0
1;8;91;8;0;0;1;3;0;1;0
1;8;91;9;0;1;1;4;0;1;0
1;8;91;10;0;0;1;4;0;1;0
1;8;91;11;0;0;1;4;0;1;0
1;8;111;1;0;0;1;1;0;1;0
1;8;111;2;0;0;1;1;0;1;0
1;8;111;3;0;0;1;2;0;1;0
1;8;111;4;0;0;1;2;0;1;0
1;8;111;7;0;3;1;3;0;1;0
1;8;132;1;0;4;0;1;0;1;0
1;8;132;2;0;4;0;1;0;1;0
1;8;132;3;0;0;0;2;0;1;0
1;8;132;4;0;0;0;2;0;1;0
1;8;132;5;0;0;0;2;0;1;0
1;8;132;6;0;0;0;3;0;1;0
1;8;132;7;0;0;0;3;0;1;0
1;8;132;8;0;0;0;3;0;1;0
1;8;132;9;0;1;0;4;0;1;0
1;8;132;10;0;0;0;4;0;1;0
1;8;135;1;0;4;0;1;0;1;0
1;8;135;2;0;3;0;1;0;1;0
1;8;135;3;0;4;0;2;0;1;0
1;8;135;4;0;1;0;2;0;1;0
1;8;135;5;0;2;0;2;0;1;0
1;8;135;6;0;2;0;3;0;1;0
1;8;135;7;0;5;0;3;0;1;0
1;8;135;8;0;12;0;3;0;1;0
1;8;135;11;0;0;0;4;0;1;0
1;8;136;1;0;1;0;1;0;1;0
1;8;136;2;0;2;0;1;0;1;0
1;8;136;3;0;0;0;2;0;1;0
1;8;136;4;0;2;0;2;0;1;0
1;8;136;5;0;2;0;2;0;1;0
1;8;136;6;0;0;0;3;0;1;0
1;8;136;7;0;1;0;3;0;1;0
1;8;136;8;0;2;0;3;0;1;0
1;8;136;9;0;2;0;4;0;1;0
1;8;136;11;0;0;0;4;0;1;0
1;9;259;1;0;13;0;1;0;1;0
1;9;259;2;0;2;0;1;0;1;0
1;9;259;3;0;2;0;2;0;1;0
1;9;259;4;0;0;0;2;0;1;0
1;9;259;5;0;0;0;2;0;1;0
1;9;259;7;0;0;0;3;0;1;0
1;9;259;8;0;0;0;3;0;1;0
1;9;259;9;0;0;0;4;0;1;0
1;9;259;11;0;0;1;4;0;1;0
1;9;264;1;0;0;1;1;0;1;0
1;9;264;2;1;0;1;1;0;1;0
1;9;264;3;1;0;1;2;0;1;0
1;9;264;4;1;0;1;2;0;1;0
1;9;264;5;1;0;1;2;0;1;0
1;9;264;6;1;0;1;3;0;1;0
1;9;264;7;1;0;1;3;0;1;0
1;9;264;8;1;0;1;3;0;1;0
1;9;264;9;1;0;1;4;0;1;0
1;9;264;10;1;0;1;4;0;1;0
1;9;264;11;1;0;1;4;0;1;0
1;9;281;1;0;0;0;1;0;1;0
1;9;281;2;0;0;0;1;0;1;0
1;9;281;3;0;0;0;2;0;1;0
1;9;281;4;1;0;1;2;0;1;0
1;9;281;5;1;0;1;2;0;1;0
1;9;281;7;1;0;1;3;0;1;0
1;9;287;1;0;8;0;1;0;1;0
1;9;287;2;0;0;0;1;0;1;0
1;9;287;3;0;0;0;2;0;1;0
1;9;287;4;0;0;0;2;0;1;0
1;9;287;5;0;0;0;2;0;1;0
1;9;287;6;0;0;0;3;0;1;0
1;9;300;1;0;0;1;1;0;1;0
1;9;300;2;0;0;1;1;0;1;0
1;9;300;3;0;0;1;2;0;1;0
1;9;300;4;0;0;1;2;0;1;0
1;9;300;5;0;0;1;2;0;1;0
1;9;300;6;0;0;1;3;0;1;0
1;9;300;7;0;0;1;3;0;1;0
1;9;300;8;0;0;1;3;0;1;0
1;9;300;9;0;1;1;4;0;1;0
1;9;300;10;0;0;1;4;0;1;0
1;9;300;11;0;0;1;4;0;1;0
1;9;302;1;0;0;1;1;0;1;0
1;9;302;2;0;0;1;1;0;1;0
1;9;302;3;0;0;1;2;0;1;0
1;9;302;4;0;0;1;2;0;1;0
1;9;302;5;0;0;1;2;0;1;0
1;9;302;6;0;0;1;3;0;1;0
1;9;302;7;0;0;1;3;0;1;0
1;9;302;8;0;0;1;3;0;1;0
1;9;302;9;0;0;1;4;0;1;0
1;9;302;10;0;0;1;4;0;1;0
1;9;307;1;0;0;0;1;0;1;0
1;9;307;2;0;12;0;1;0;1;0
1;9;307;3;0;0;0;2;0;1;0
1;9;307;4;0;0;0;2;0;1;0
1;9;311;3;0;0;1;2;0;1;0
1;9;311;4;0;0;1;2;0;1;0
1;9;311;5;0;0;1;2;0;1;0
1;9;311;6;0;0;1;3;0;1;0
1;9;311;7;0;0;1;3;0;1;0
1;9;311;8;0;1;1;3;0;1;0
1;9;311;9;0;1;1;4;0;1;0
1;9;311;10;0;0;1;4;0;1;0
1;9;311;11;0;0;1;4;0;1;0
1;10;261;1;0;3;0;1;0;0;0
1;10;261;2;0;10;0;1;0;0;0
1;10;261;3;0;1;0;2;0;0;0
1;10;261;4;0;0;0;2;0;0;0
1;10;261;5;0;2;0;2;0;0;0
1;10;261;6;1;0;1;3;0;0;0
1;10;261;7;1;0;1;3;0;0;0
1;10;261;8;1;0;1;3;0;0;0
1;10;261;9;1;0;1;4;0;0;0
1;10;261;10;1;0;1;4;0;0;0
1;10;261;11;1;0;1;4;0;0;0
1;10;262;2;0;7;1;1;0;0;0
1;10;262;3;0;1;1;2;0;0;0
1;10;262;4;0;0;1;2;0;0;0
1;10;262;5;0;1;1;2;0;0;0
1;10;262;6;0;1;1;3;0;0;0
1;10;262;7;0;1;1;3;0;0;0
1;10;262;8;0;6;1;3;0;0;0
1;10;262;9;0;0;1;4;0;0;0
1;10;262;10;0;0;1;4;0;0;0
1;10;262;11;0;3;1;4;0;0;0
1;10;269;1;0;0;1;1;0;0;0
1;10;269;2;0;0;1;1;0;0;0
1;10;269;3;0;0;1;2;0;0;0
1;10;269;4;0;0;1;2;0;0;0
1;10;269;5;0;0;1;2;0;0;0
1;10;269;6;0;0;1;3;0;0;0
1;10;269;7;0;0;1;3;0;0;0
1;10;269;8;0;0;1;3;0;0;0
1;10;269;9;0;0;1;4;0;0;0
1;10;269;10;0;0;1;4;0;0;0
1;10;269;11;0;0;1;4;0;0;0
1;10;270;1;0;19;1;1;0;0;0
1;10;270;2;0;2;1;1;0;0;0
1;10;270;3;0;0;1;2;0;0;0
1;10;270;4;0;0;1;2;0;0;0
1;10;270;5;0;1;1;2;0;0;0
1;10;270;6;0;3;1;3;0;0;0
1;10;270;7;0;14;1;3;0;0;0
1;10;270;8;0;57;1;3;0;0;0
1;10;270;9;1;0;1;4;0;0;0
1;10;270;10;1;0;1;4;0;0;0
1;10;270;11;1;0;1;4;0;0;0
1;10;271;1;0;0;0;1;0;0;0
1;10;271;2;0;0;0;1;0;0;0
1;10;271;3;0;0;0;2;0;0;0
1;10;271;4;0;0;0;2;0;0;0
1;10;271;5;0;0;0;2;0;0;0
1;10;271;6;0;0;0;3;0;0;0
1;10;271;7;0;0;0;3;0;0;0
1;10;271;8;0;0;0;3;0;0;0
1;10;271;9;0;0;0;4;0;0;0
1;10;271;10;0;0;0;4;0;0;0
1;10;271;11;0;0;0;4;0;0;0
1;10;272;1;0;36;0;1;0;0;0
1;10;272;2;0;35;0;1;0;0;0
1;10;272;3;0;0;0;2;0;0;0
1;10;272;4;0;0;0;2;0;0;0
1;10;272;5;0;0;0;2;0;0;0
1;10;272;6;0;0;0;3;0;0;0
1;10;272;7;0;0;0;3;0;0;0
1;10;272;8;0;0;0;3;0;0;0
1;10;272;9;0;9;1;4;0;0;0
1;10;272;10;0;16;1;4;0;0;0
1;10;272;11;0;7;1;4;0;0;0
1;10;280;1;0;72;0;1;0;0;0
1;10;280;2;0;23;0;1;0;0;0
1;10;280;3;0;16;0;2;0;0;0
1;10;280;4;0;18;0;2;0;0;0
1;10;280;5;0;12;0;2;0;0;0
1;10;280;6;0;6;0;3;0;0;0
1;10;280;7;0;28;0;3;0;0;0
1;10;280;8;0;64;0;3;0;0;0
1;10;280;9;0;80;0;4;0;0;0
1;10;280;10;0;41;0;4;0;0;0
1;10;280;11;0;10;1;4;0;0;0
1;10;292;1;0;3;1;1;0;0;0
1;10;292;2;0;4;1;1;0;0;0
1;10;292;3;0;5;1;2;0;0;0
1;10;292;4;0;0;1;2;0;0;0
1;10;292;5;0;1;1;2;0;0;0
1;10;292;6;0;2;1;3;0;0;0
1;10;292;7;0;5;1;3;0;0;0
1;10;292;8;0;23;1;3;0;0;0
1;10;292;9;0;24;1;4;0;0;0
1;10;292;10;0;16;1;4;0;0;0
1;10;292;11;0;4;1;4;0;0;0
1;11;267;1;0;46;0;1;1;0;1
1;11;267;2;0;52;0;1;1;0;1
1;11;267;3;0;46;0;2;1;0;1
1;11;267;4;0;59;0;2;1;0;1
1;11;267;5;0;70;0;2;1;0;1
1;11;267;6;0;11;0;3;1;0;1
1;11;267;7;0;41;0;3;1;0;1
1;11;267;8;0;28;1;3;1;0;1
1;11;267;9;0;92;1;4;1;0;1
1;11;267;10;0;224;1;4;1;0;1
1;11;267;11;0;70;1;4;1;0;1
1;11;273;1;0;21;1;1;1;0;1
1;11;273;2;0;5;1;1;1;0;1
1;11;273;3;0;5;1;2;1;0;1
1;11;273;4;0;2;1;2;1;0;1
1;11;273;5;0;4;1;2;1;0;1
1;11;273;6;1;0;1;3;1;0;1
1;11;273;7;1;0;1;3;1;0;1
1;11;273;8;1;0;1;3;1;0;1
1;11;273;9;1;24;1;4;1;0;1
1;11;273;10;1;57;1;4;1;0;1
1;11;273;11;1;8;1;4;1;0;1
1;11;274;1;0;8;0;1;1;0;1
1;11;274;2;0;20;0;1;1;0;1
1;11;274;3;0;33;0;2;1;0;1
1;11;274;4;0;20;0;2;1;0;1
1;11;274;5;0;14;0;2;1;0;1
1;11;274;6;1;1;1;3;1;0;1
1;11;274;7;1;0;1;3;1;0;1
1;11;274;8;1;0;1;3;1;0;1
1;11;274;9;1;49;1;4;1;0;1
1;11;274;10;1;81;1;4;1;0;1
1;11;274;11;1;75;1;4;1;0;1
1;11;276;1;0;3;1;1;1;0;1
1;11;276;2;0;4;1;1;1;0;1
1;11;276;3;0;3;1;2;1;0;1
1;11;276;4;0;2;1;2;1;0;1
1;11;276;5;0;6;1;2;1;0;1
1;11;276;6;0;0;1;3;1;0;1
1;11;276;7;0;2;1;3;1;0;1
1;11;276;8;0;7;1;3;1;0;1
1;11;276;9;0;0;1;4;1;0;1
1;11;276;10;0;1;1;4;1;0;1
1;11;276;11;0;4;1;4;1;0;1
1;11;303;1;0;4;1;1;1;0;1
1;11;303;2;0;3;1;1;1;0;1
1;11;303;3;0;0;1;2;1;0;1
1;11;303;4;0;5;1;2;1;0;1
1;11;303;5;0;11;1;2;1;0;1
1;11;303;6;1;0;1;3;1;0;1
1;11;303;7;1;0;1;3;1;0;1
1;11;303;8;1;0;1;3;1;0;1
1;11;303;9;1;12;1;4;1;0;1
1;11;303;10;1;26;1;4;1;0;1
1;11;303;11;1;27;1;4;1;0;1
1;11;304;1;0;49;0;1;1;0;1
1;11;304;2;0;18;0;1;1;0;1
1;11;304;3;0;18;0;2;1;0;1
1;11;304;4;0;24;0;2;1;0;1
1;11;304;5;0;38;0;2;1;0;1
1;11;304;6;0;75;0;3;1;0;1
1;11;304;7;0;54;0;3;1;0;1
1;11;304;8;0;65;0;3;1;0;1
1;11;304;9;0;170;0;4;1;0;1
1;11;304;10;0;261;0;4;1;0;1
1;11;304;11;0;0;0;4;1;0;1
1;11;306;1;0;33;0;1;1;0;1
1;11;306;2;0;9;0;1;1;0;1
1;11;306;3;0;38;0;2;1;0;1
1;11;306;4;0;18;0;2;1;0;1
1;11;306;5;0;21;0;2;1;0;1
1;11;306;6;0;40;0;3;1;0;1
1;11;306;7;0;66;1;3;1;0;1
1;11;306;8;0;199;1;3;1;0;1
1;11;306;9;0;129;1;4;1;0;1
1;11;306;10;0;39;1;4;1;0;1
1;11;306;11;0;32;1;4;1;0;1
1;11;308;1;0;1;1;1;1;0;1
1;11;308;3;0;0;1;2;1;0;1
1;11;308;4;0;1;1;2;1;0;1
1;11;308;5;0;1;1;2;1;0;1
1;11;308;6;0;27;1;3;1;0;1
1;11;308;7;0;57;1;3;1;0;1
1;11;308;8;0;145;1;3;1;0;1
1;11;308;9;0;156;1;4;1;0;1
1;11;308;10;0;73;1;4;1;0;1
1;11;308;11;0;0;1;4;1;0;1
1;12;263;1;0;6;0;1;1;0;0
1;12;263;2;0;9;0;1;1;0;0
1;12;263;3;0;10;0;2;1;0;0
1;12;263;5;1;0;1;2;1;0;0
1;12;263;6;1;0;1;3;1;0;0
1;12;263;7;1;0;1;3;1;0;0
1;12;263;8;1;0;1;3;1;0;0
1;12;263;9;1;0;1;4;1;0;0
1;12;263;10;1;9;1;4;1;0;0
1;12;263;11;1;5;1;4;1;0;0
1;12;277;1;0;0;1;1;1;0;0
1;12;277;3;0;0;1;2;1;0;0
1;12;277;4;0;0;1;2;1;0;0
1;12;277;5;0;0;1;2;1;0;0
1;12;277;6;0;0;1;3;1;0;0
1;12;277;7;0;0;1;3;1;0;0
1;12;279;1;0;2;1;1;1;0;0
1;12;279;2;0;3;1;1;1;0;0
1;12;279;3;0;0;1;2;1;0;0
1;12;279;4;0;0;1;2;1;0;0
1;12;279;5;0;0;1;2;1;0;0
1;12;279;6;0;0;1;3;1;0;0
1;12;279;7;0;1;1;3;1;0;0
1;12;279;8;0;0;1;3;1;0;0
1;12;279;11;0;9;1;4;1;0;0
1;12;283;1;0;13;1;1;1;0;0
1;12;283;2;0;10;1;1;1;0;0
1;12;283;3;0;9;1;2;1;0;0
1;12;283;4;0;5;1;2;1;0;0
1;12;283;5;0;8;1;2;1;0;0
1;12;283;6;0;9;1;3;1;0;0
1;12;283;7;0;14;1;3;1;0;0
1;12;283;8;0;5;1;3;1;0;0
1;12;283;9;0;14;1;4;1;0;0
1;12;283;10;0;5;1;4;1;0;0
1;12;283;11;0;9;1;4;1;0;0
1;12;284;1;0;318;0;1;1;0;0
1;12;284;2;0;95;0;1;1;0;0
1;12;284;3;0;109;0;2;1;0;0
1;12;284;4;0;212;0;2;1;0;0
1;12;284;5;0;171;0;2;1;0;0
1;12;284;6;0;240;0;3;1;0;0
1;12;284;7;0;419;0;3;1;0;0
1;12;284;8;0;190;0;3;1;0;0
1;12;284;9;0;0;0;4;1;0;0
1;12;284;10;0;12;0;4;1;0;0
1;12;284;11;0;8;0;4;1;0;0
1;12;295;1;0;0;1;1;1;0;0
1;12;295;2;0;304;1;1;1;0;0
1;12;295;3;0;0;1;2;1;0;0
1;12;295;4;0;0;1;2;1;0;0
1;12;295;5;0;2;1;2;1;0;0
1;12;295;6;0;1;1;3;1;0;0
1;12;295;7;0;3;1;3;1;0;0
1;12;295;8;0;0;1;3;1;0;0
1;12;295;10;0;20;1;4;1;0;0
1;12;295;11;0;0;1;4;1;0;0
1;12;296;1;0;0;0;1;1;0;0
1;12;296;2;0;0;0;1;1;0;0
1;12;296;3;0;1;0;2;1;0;0
1;12;296;5;0;0;0;2;1;0;0
1;12;296;6;0;0;1;3;1;0;0
1;12;296;7;0;0;1;3;1;0;0
1;12;296;8;0;0;1;3;1;0;0
1;12;296;9;0;1;1;4;1;0;0
1;12;296;10;0;2;1;4;1;0;0
1;12;296;11;0;2;1;4;1;0;0
1;12;313;1;0;212;0;1;1;0;0
1;12;313;2;1;0;1;1;1;0;0
1;12;313;3;1;0;1;2;1;0;0
1;12;313;4;1;1;1;2;1;0;0
1;12;313;5;1;2;1;2;1;0;0
1;12;313;6;1;1;1;3;1;0;0
1;12;313;7;1;0;1;3;1;0;0
1;12;313;8;1;0;1;3;1;0;0
1;12;313;9;1;0;1;4;1;0;0
1;12;313;10;1;6;1;4;1;0;0
1;12;313;11;1;3;1;4;1;0;0
1;13;260;1;0;16;0;1;1;1;1
1;13;260;2;0;6;0;1;1;1;1
1;13;260;3;0;4;0;2;1;1;1
1;13;260;4;0;0;0;2;1;1;1
1;13;260;5;0;1;0;2;1;1;1
1;13;260;6;0;1;0;3;1;1;1
1;13;260;7;0;5;0;3;1;1;1
1;13;260;8;0;7;0;3;1;1;1
1;13;260;9;0;3;0;4;1;1;1
1;13;260;10;0;19;1;4;1;1;1
1;13;260;11;0;17;1;4;1;1;1
1;13;268;1;0;342;1;1;1;1;1
1;13;268;2;0;174;1;1;1;1;1
1;13;268;3;0;30;1;2;1;1;1
1;13;268;4;0;1;1;2;1;1;1
1;13;268;5;0;0;1;2;1;1;1
1;13;268;6;0;2;1;3;1;1;1
1;13;268;7;0;4;1;3;1;1;1
1;13;268;8;0;0;1;3;1;1;1
1;13;268;9;0;3;1;4;1;1;1
1;13;268;10;0;7;1;4;1;1;1
1;13;268;11;0;3;1;4;1;1;1
1;13;278;1;0;0;1;1;1;1;1
1;13;278;2;0;0;1;1;1;1;1
1;13;278;3;0;3;1;2;1;1;1
1;13;278;4;0;0;1;2;1;1;1
1;13;278;5;0;0;1;2;1;1;1
1;13;278;6;0;4;1;3;1;1;1
1;13;278;7;0;0;1;3;1;1;1
1;13;278;8;1;0;1;3;1;1;1
1;13;278;9;1;0;1;4;1;1;1
1;13;278;10;1;2;1;4;1;1;1
1;13;278;11;1;3;1;4;1;1;1
1;13;286;1;0;19;0;1;1;1;1
1;13;286;2;0;15;0;1;1;1;1
1;13;286;3;0;12;0;2;1;1;1
1;13;286;4;0;0;0;2;1;1;1
1;13;286;5;0;7;0;2;1;1;1
1;13;286;6;0;12;0;3;1;1;1
1;13;286;7;0;13;0;3;1;1;1
1;13;286;8;1;0;1;3;1;1;1
1;13;286;9;1;2;1;4;1;1;1
1;13;286;10;1;9;1;4;1;1;1
1;13;286;11;1;27;1;4;1;1;1
1;13;288;1;0;0;1;1;1;1;1
1;13;288;2;0;0;1;1;1;1;1
1;13;288;3;0;1;1;2;1;1;1
1;13;288;4;0;0;1;2;1;1;1
1;13;288;5;0;0;1;2;1;1;1
1;13;293;1;0;5;1;1;1;1;1
1;13;293;2;0;5;1;1;1;1;1
1;13;293;3;0;1;1;2;1;1;1
1;13;293;4;0;0;1;2;1;1;1
1;13;293;5;0;0;1;2;1;1;1
1;13;293;6;0;1;1;3;1;1;1
1;13;293;7;0;2;1;3;1;1;1
1;13;293;8;0;0;1;3;1;1;1
1;13;293;9;0;4;1;4;1;1;1
1;13;293;10;0;6;1;4;1;1;1
1;13;293;11;0;7;1;4;1;1;1
1;13;298;1;0;36;0;1;1;1;1
1;13;298;2;0;10;0;1;1;1;1
1;13;298;3;0;4;0;2;1;1;1
1;13;298;4;0;0;0;2;1;1;1
1;13;298;5;0;3;0;2;1;1;1
1;13;298;6;0;6;0;3;1;1;1
1;13;298;7;0;0;0;3;1;1;1
1;13;298;8;0;0;0;3;1;1;1
1;13;298;9;0;0;0;4;1;1;1
1;13;298;10;0;2;0;4;1;1;1
1;13;298;11;0;0;0;4;1;1;1
1;13;309;1;0;4;0;1;1;1;1
1;13;309;2;0;2;0;1;1;1;1
1;13;309;3;0;0;0;2;1;1;1
1;13;309;4;0;0;0;2;1;1;1
1;13;309;5;0;4;0;2;1;1;1
1;13;309;6;0;9;1;3;1;1;1
1;13;309;7;0;13;1;3;1;1;1
1;13;309;8;0;1;1;3;1;1;1
1;13;309;9;0;9;1;4;1;1;1
1;13;309;10;0;15;1;4;1;1;1
1;13;309;11;0;6;1;4;1;1;1
1;14;8;1;0;0;0;1;0;0;0
1;14;8;2;0;0;0;1;0;0;0
1;14;8;3;0;1;0;2;0;0;0
1;14;8;4;0;0;1;2;0;0;0
1;14;8;5;0;1;1;2;0;0;0
1;14;8;6;0;1;1;3;0;0;0
1;14;8;7;0;0;1;3;0;0;0
1;14;8;8;0;0;1;3;0;0;0
1;14;8;9;0;0;1;4;0;0;0
1;14;8;10;0;1;1;4;0;0;0
1;14;8;11;0;4;1;4;0;0;0
1;14;12;1;0;3;0;1;0;0;0
1;14;12;2;0;0;0;1;0;0;0
1;14;12;3;0;0;0;2;0;0;0
1;14;12;4;0;0;0;2;0;0;0
1;14;12;5;0;2;0;2;0;0;0
1;14;12;6;0;5;0;3;0;0;0
1;14;12;7;1;0;1;3;0;0;0
1;14;12;8;1;0;1;3;0;0;0
1;14;12;9;1;1;1;4;0;0;0
1;14;12;10;1;2;1;4;0;0;0
1;14;12;11;1;3;1;4;0;0;0
1;14;13;1;0;44;0;1;0;0;0
1;14;13;2;0;0;0;1;0;0;0
1;14;13;3;0;24;0;2;0;0;0
1;14;13;4;0;0;0;2;0;0;0
1;14;13;5;0;1;0;2;0;0;0
1;14;13;6;0;12;0;3;0;0;0
1;14;13;7;0;11;0;3;0;0;0
1;14;13;8;0;0;0;3;0;0;0
1;14;13;9;0;10;0;4;0;0;0
1;14;13;11;0;13;0;4;0;0;0
1;14;14;1;0;5;0;1;0;0;0
1;14;14;2;0;0;0;1;0;0;0
1;14;14;3;0;0;0;2;0;0;0
1;14;14;4;0;0;0;2;0;0;0
1;14;14;5;0;0;0;2;0;0;0
1;14;14;6;0;1;0;3;0;0;0
1;14;14;7;0;0;0;3;0;0;0
1;14;14;8;0;0;0;3;0;0;0
1;14;14;9;0;2;0;4;0;0;0
1;14;14;10;0;2;0;4;0;0;0
1;14;14;11;0;0;0;4;0;0;0
1;14;175;1;0;0;1;1;0;0;0
1;14;175;2;0;0;1;1;0;0;0
1;14;175;3;0;0;1;2;0;0;0
1;14;175;4;0;0;1;2;0;0;0
1;14;175;5;0;0;1;2;0;0;0
1;14;175;6;0;0;1;3;0;0;0
1;14;194;1;0;0;1;1;0;0;0
1;14;194;2;0;0;1;1;0;0;0
1;14;194;3;0;0;1;2;0;0;0
1;14;194;4;0;0;1;2;0;0;0
1;14;194;5;0;0;1;2;0;0;0
1;14;194;6;0;0;1;3;0;0;0
1;14;194;7;0;0;1;3;0;0;0
1;14;194;8;0;0;1;3;0;0;0
1;14;194;9;0;0;1;4;0;0;0
1;14;194;10;0;0;1;4;0;0;0
1;14;194;11;0;0;1;4;0;0;0
1;14;195;1;0;0;1;1;0;0;0
1;14;195;2;0;0;1;1;0;0;0
1;14;195;3;0;0;1;2;0;0;0
1;14;195;4;0;0;1;2;0;0;0
1;14;195;5;0;0;1;2;0;0;0
1;14;195;6;0;0;1;3;0;0;0
1;14;195;7;0;0;1;3;0;0;0
1;14;195;8;0;0;1;3;0;0;0
1;14;195;9;0;0;1;4;0;0;0
1;14;195;10;0;0;1;4;0;0;0
1;14;195;11;0;1;1;4;0;0;0
1;14;196;1;0;0;1;1;0;0;0
1;14;196;2;0;0;1;1;0;0;0
1;14;196;3;0;0;1;2;0;0;0
1;14;196;4;0;0;1;2;0;0;0
1;14;196;5;0;0;1;2;0;0;0
2;16;15;2;0;57;1;1;1;0;0
2;16;15;4;1;3;1;2;1;0;0
2;16;15;5;1;0;1;2;1;0;0
2;16;15;6;1;0;1;2;1;0;0
2;16;15;7;1;0;1;3;1;0;0
2;16;15;8;1;0;1;4;1;0;0
2;16;15;9;1;0;1;4;1;0;0
2;16;20;2;0;0;1;1;1;0;0
2;16;20;5;0;0;1;2;1;0;0
2;16;20;6;0;0;1;2;1;0;0
2;16;20;7;0;1;1;3;1;0;0
2;16;20;8;0;0;1;4;1;0;0
2;16;20;9;0;0;1;4;1;0;0
2;16;75;2;0;6;0;1;1;0;0
2;16;75;3;0;1;0;1;1;0;0
2;16;75;4;0;5;0;2;1;0;0
2;16;75;5;0;2;1;2;1;0;0
2;16;75;6;0;0;1;2;1;0;0
2;16;75;7;0;1;1;3;1;0;0
2;16;75;8;0;0;1;4;1;0;0
2;16;75;9;0;1;1;4;1;0;0
2;16;82;2;0;2;0;1;1;0;0
2;16;82;3;0;0;0;1;1;0;0
2;16;82;4;0;0;0;2;1;0;0
2;16;82;5;1;0;1;2;1;0;0
2;16;82;6;1;6;1;2;1;0;0
2;16;82;7;1;0;1;3;1;0;0
2;16;82;8;1;0;1;4;1;0;0
2;16;82;9;1;0;1;4;1;0;0
2;16;95;2;0;0;0;1;1;0;0
2;16;95;3;0;0;0;1;1;0;0
2;16;95;4;0;1;0;2;1;0;0
2;16;95;5;0;0;0;2;1;0;0
2;16;95;6;0;0;0;2;1;0;0
2;16;95;7;1;0;1;3;1;0;0
2;16;95;8;1;0;1;4;1;0;0
2;16;95;9;1;1;1;4;1;0;0
2;16;99;2;0;62;0;1;1;0;0
2;16;99;3;0;16;0;1;1;0;0
2;16;99;4;0;17;0;2;1;0;0
2;16;99;5;0;10;0;2;1;0;0
2;16;99;6;0;2;0;2;1;0;0
2;16;99;7;0;0;1;3;1;0;0
2;16;99;8;0;0;1;4;1;0;0
2;16;99;9;0;0;1;4;1;0;0
2;16;150;2;0;1;1;1;1;0;0
2;16;150;4;1;0;1;2;1;0;0
2;16;150;5;1;1;1;2;1;0;0
2;16;150;6;1;0;1;2;1;0;0
2;16;150;7;1;0;1;3;1;0;0
2;16;150;8;1;0;1;4;1;0;0
2;16;150;9;1;0;1;4;1;0;0
2;16;169;3;0;1;1;1;1;0;0
2;16;169;4;0;0;1;2;1;0;0
2;16;169;5;0;0;1;2;1;0;0
2;16;169;6;0;0;1;2;1;0;0
2;16;169;7;0;1;1;3;1;0;0
2;16;169;8;0;0;1;4;1;0;0
2;16;169;9;0;1;1;4;1;0;0
2;17;205;2;0;2;0;1;1;0;0
2;17;205;3;0;2;0;1;1;0;0
2;17;205;4;0;3;0;2;1;0;0
2;17;205;5;0;1;0;2;1;0;0
2;17;205;6;1;0;1;2;1;0;0
2;17;205;7;1;0;1;3;1;0;0
2;17;205;8;1;1;1;3;1;0;0
2;17;205;9;1;1;1;4;1;0;0
2;17;206;2;0;3;1;1;1;0;0
2;17;206;3;0;3;1;1;1;0;0
2;17;206;5;0;0;1;2;1;0;0
2;17;206;6;0;0;1;2;1;0;0
2;17;206;7;1;0;1;3;1;0;0
2;17;206;8;1;0;1;3;1;0;0
2;17;219;2;0;3;1;1;1;0;0
2;17;219;3;0;2;1;1;1;0;0
2;17;219;4;0;2;1;2;1;0;0
2;17;219;5;0;2;1;2;1;0;0
2;17;219;6;0;0;1;2;1;0;0
2;17;219;7;0;5;1;3;1;0;0
2;17;219;8;0;5;1;3;1;0;0
2;17;219;9;0;0;1;4;1;0;0
2;17;237;3;0;3;0;1;1;0;0
2;17;237;4;0;0;0;2;1;0;0
2;17;238;2;0;0;1;1;1;0;0
2;17;238;3;0;6;1;1;1;0;0
2;17;238;4;0;1;1;2;1;0;0
2;17;238;5;1;0;1;2;1;0;0
2;17;238;6;1;0;1;2;1;0;0
2;17;238;7;1;14;1;3;1;0;0
2;17;238;8;1;6;1;3;1;0;0
2;17;239;2;0;5;0;1;1;0;0
2;17;239;5;0;0;0;2;1;0;0
2;17;239;6;0;0;1;2;1;0;0
2;17;239;7;0;2;1;3;1;0;0
2;17;239;8;0;1;1;3;1;0;0
2;17;239;9;0;3;1;4;1;0;0
2;17;247;2;0;2;0;1;1;0;0
2;17;247;3;0;2;0;1;1;0;0
2;17;247;4;0;3;0;2;1;0;0
2;17;247;5;0;1;1;2;1;0;0
2;17;247;6;0;11;1;2;1;0;0
2;17;247;7;0;0;1;3;1;0;0
2;17;247;8;0;1;1;3;1;0;0
2;17;247;9;0;2;1;4;1;0;0
2;17;255;2;0;5;0;1;1;0;0
2;17;255;3;0;4;0;1;1;0;0
2;17;255;4;0;0;0;2;1;0;0
2;17;255;5;0;0;0;2;1;0;0
2;17;255;6;1;0;1;2;1;0;0
2;17;255;7;1;0;1;3;1;0;0
2;17;255;8;1;5;1;3;1;0;0
2;17;255;9;1;3;1;4;1;0;0
2;17;256;2;0;0;1;1;1;0;0
2;17;256;3;0;8;1;1;1;0;0
2;17;256;4;0;2;1;2;1;0;0
2;17;256;5;0;0;1;2;1;0;0
2;17;256;6;0;0;1;2;1;0;0
2;17;256;7;0;7;1;3;1;0;0
2;17;256;8;0;3;1;3;1;0;0
2;17;256;9;0;0;1;4;1;0;0
2;18;210;2;0;0;0;1;0;0;0
2;18;210;3;0;0;0;1;0;0;0
2;18;216;2;0;0;0;1;0;0;0
2;18;216;3;0;0;0;1;0;0;0
2;18;216;4;0;0;0;2;0;0;0
2;18;235;3;0;0;1;1;0;0;0
2;18;236;2;0;1;1;1;0;0;0
2;18;236;3;0;0;1;1;0;0;0
2;18;243;3;0;6;0;1;0;0;0
2;18;243;4;1;0;1;2;0;0;0
2;18;243;5;1;0;1;2;0;0;0
2;18;243;6;1;0;1;2;0;0;0
2;18;243;7;1;0;1;3;0;0;0
2;18;243;8;1;2;1;3;0;0;0
2;18;243;9;1;1;1;4;0;0;0
2;18;244;2;0;20;1;1;0;0;0
2;18;244;3;0;8;1;1;0;0;0
2;18;244;4;1;0;1;2;0;0;0
2;18;244;5;1;0;1;2;0;0;0
2;18;244;6;1;0;1;2;0;0;0
2;18;244;7;1;0;1;3;0;0;0
2;18;244;8;1;0;1;3;0;0;0
2;18;244;9;1;7;1;4;0;0;0
2;19;201;3;0;0;1;1;0;0;0
2;19;201;4;1;0;1;2;0;0;0
2;19;201;5;1;0;1;2;0;0;0
2;19;201;6;1;3;1;2;0;0;0
2;19;201;7;1;0;1;3;0;0;0
2;19;201;8;1;0;1;3;0;0;0
2;19;201;9;1;1;1;4;0;0;0
2;19;203;2;0;1;1;1;0;0;0
2;19;203;3;0;0;1;1;0;0;0
2;19;203;4;0;0;1;2;0;0;0
2;19;203;5;0;1;1;2;0;0;0
2;19;203;6;1;0;1;2;0;0;0
2;19;203;7;1;3;1;3;0;0;0
2;19;203;8;1;16;1;3;0;0;0
2;19;203;9;1;2;1;4;0;0;0
2;19;207;3;0;0;1;1;0;0;0
2;19;207;4;0;8;1;2;0;0;0
2;19;207;5;0;9;1;2;0;0;0
2;19;207;6;0;0;1;2;0;0;0
2;19;207;7;0;4;1;3;0;0;0
2;19;207;8;0;0;1;3;0;0;0
2;19;207;9;0;4;1;4;0;0;0
2;19;208;2;0;0;1;1;0;0;0
2;19;208;3;0;9;1;1;0;0;0
2;19;208;4;0;0;1;2;0;0;0
2;19;208;5;0;0;1;2;0;0;0
2;19;208;6;0;0;1;2;0;0;0
2;19;208;7;0;0;1;3;0;0;0
2;19;208;8;0;0;1;3;0;0;0
2;19;217;2;0;0;0;1;0;0;0
2;19;217;3;0;0;0;1;0;0;0
2;19;217;4;0;0;0;2;0;0;0
2;19;217;5;0;0;0;2;0;0;0
2;19;217;6;0;0;0;2;0;0;0
2;19;217;7;0;0;1;3;0;0;0
2;19;217;8;0;0;1;3;0;0;0
2;19;217;9;0;0;1;4;0;0;0
2;19;220;2;0;0;0;1;0;0;0
2;19;220;3;0;0;0;1;0;0;0
2;19;220;4;0;1;0;2;0;0;0
2;19;220;5;1;0;1;2;0;0;0
2;19;220;6;1;0;1;2;0;0;0
2;19;220;7;1;0;1;3;0;0;0
2;19;220;8;1;0;1;3;0;0;0
2;19;220;9;1;0;1;4;0;0;0
2;19;221;2;0;0;0;1;0;0;0
2;19;221;3;0;0;0;1;0;0;0
2;19;221;4;0;0;0;2;0;0;0
2;19;221;5;0;0;0;2;0;0;0
2;19;221;6;0;0;0;2;0;0;0
2;19;221;7;1;0;1;3;0;0;0
2;19;221;8;1;0;1;3;0;0;0
2;19;221;9;1;0;1;4;0;0;0
2;19;222;3;0;0;0;1;0;0;0
2;19;222;4;0;1;0;2;0;0;0
2;19;222;5;0;0;0;2;0;0;0
2;19;222;6;0;0;0;2;0;0;0
2;19;222;7;0;0;0;3;0;0;0
2;19;222;8;0;5;0;3;0;0;0
2;20;39;1;0;3;0;1;0;0;0
2;20;39;2;0;1;0;1;0;0;0
2;20;39;3;0;2;0;1;0;0;0
2;20;39;4;1;0;1;2;0;0;0
2;20;39;5;1;0;1;2;0;0;0
2;20;39;6;1;0;1;2;0;0;0
2;20;39;7;1;0;1;3;0;0;0
2;20;39;8;1;0;1;3;0;0;0
2;20;39;9;1;0;1;4;0;0;0
2;20;51;1;0;0;1;1;0;0;0
2;20;51;2;0;0;1;1;0;0;0
2;20;51;3;0;0;1;1;0;0;0
2;20;51;4;0;0;1;2;0;0;0
2;20;51;5;0;0;1;2;0;0;0
2;20;51;6;0;2;1;2;0;0;0
2;20;51;7;0;5;1;3;0;0;0
2;20;51;8;0;13;1;3;0;0;0
2;20;51;9;0;3;1;4;0;0;0
2;20;58;1;0;1;1;1;0;0;0
2;20;58;2;0;0;1;1;0;0;0
2;20;58;3;0;0;1;1;0;0;0
2;20;58;4;0;0;1;2;0;0;0
2;20;58;5;0;0;1;2;0;0;0
2;20;58;6;1;0;1;2;0;0;0
2;20;58;7;1;0;1;3;0;0;0
2;20;58;8;1;0;1;3;0;0;0
2;20;58;9;1;0;1;4;0;0;0
2;20;67;1;0;17;1;1;0;0;0
2;20;67;2;0;17;1;1;0;0;0
2;20;67;3;0;0;1;1;0;0;0
2;20;67;4;0;2;1;2;0;0;0
2;20;67;5;0;4;1;2;0;0;0
2;20;67;6;0;24;1;2;0;0;0
2;20;67;7;1;0;1;3;0;0;0
2;20;67;8;1;0;1;3;0;0;0
2;20;67;9;1;1;1;4;0;0;0
2;20;100;1;0;0;1;1;0;0;0
2;20;100;2;0;0;1;1;0;0;0
2;20;100;3;0;0;1;1;0;0;0
2;20;100;4;0;0;1;2;0;0;0
2;20;100;5;0;0;1;2;0;0;0
2;20;100;6;0;0;1;2;0;0;0
2;20;100;7;0;1;1;3;0;0;0
2;20;100;8;0;1;1;3;0;0;0
2;20;100;9;0;3;1;4;0;0;0
2;20;118;1;0;0;0;1;0;0;0
2;20;118;2;0;0;0;1;0;0;0
2;20;118;3;0;3;0;1;0;0;0
2;20;118;4;1;0;1;2;0;0;0
2;20;118;5;1;1;1;2;0;0;0
2;20;118;6;1;1;1;2;0;0;0
2;20;118;7;1;1;1;3;0;0;0
2;20;118;8;1;0;1;3;0;0;0
2;20;118;9;1;0;1;4;0;0;0
2;20;139;1;0;0;0;1;0;0;0
2;20;139;2;0;0;0;1;0;0;0
2;20;139;3;0;1;1;1;0;0;0
2;20;139;4;0;0;1;2;0;0;0
2;20;139;5;0;0;1;2;0;0;0
2;20;139;6;0;0;1;2;0;0;0
2;20;139;7;0;0;1;3;0;0;0
2;20;139;8;0;7;1;3;0;0;0
2;20;139;9;0;2;1;4;0;0;0
2;20;154;2;0;1;0;1;0;0;0
2;20;154;4;0;0;0;2;0;0;0
2;20;154;5;0;0;0;2;0;0;0
2;20;154;6;0;0;0;2;0;0;0
2;20;154;7;0;4;0;3;0;0;0
2;20;154;8;0;7;1;3;0;0;0
2;20;154;9;0;1;1;4;0;0;0
2;21;31;1;0;0;1;1;0;1;0
2;21;31;2;0;0;1;1;0;1;0
2;21;31;3;0;0;1;1;0;1;0
2;21;31;4;0;0;1;2;0;1;0
2;21;31;5;0;0;1;2;0;1;0
2;21;31;6;0;0;1;2;0;1;0
2;21;31;7;0;0;1;3;0;1;0
2;21;31;8;0;0;1;4;0;1;0
2;21;31;9;0;1;1;4;0;1;0
2;21;88;1;0;8;0;1;0;1;0
2;21;88;2;0;1;0;1;0;1;0
2;21;88;3;0;3;0;1;0;1;0
2;21;94;1;0;0;1;1;0;1;0
2;21;94;2;0;0;1;1;0;1;0
2;21;94;3;0;0;1;1;0;1;0
2;21;94;4;1;0;1;2;0;1;0
2;21;94;5;1;0;1;2;0;1;0
2;21;94;6;1;0;1;2;0;1;0
2;21;94;7;1;0;1;3;0;1;0
2;21;94;8;1;0;1;4;0;1;0
2;21;94;9;1;0;1;4;0;1;0
2;21;119;1;0;0;1;1;0;1;0
2;21;119;2;0;1;1;1;0;1;0
2;21;119;3;1;0;1;1;0;1;0
2;21;119;4;1;0;1;2;0;1;0
2;21;119;5;1;0;1;2;0;1;0
2;21;119;6;1;0;1;2;0;1;0
2;21;119;7;1;11;1;3;0;1;0
2;21;119;8;1;1;1;4;0;1;0
2;21;119;9;1;1;1;4;0;1;0
2;21;145;1;0;0;0;1;0;1;0
2;21;145;2;0;0;0;1;0;1;0
2;21;145;3;0;0;0;1;0;1;0
2;21;145;4;1;0;1;2;0;1;0
2;21;145;5;1;0;1;2;0;1;0
2;21;145;6;1;0;1;2;0;1;0
2;21;145;7;1;16;1;3;0;1;0
2;21;145;8;1;0;1;4;0;1;0
2;21;145;9;1;0;1;4;0;1;0
2;21;149;1;0;2;0;1;0;1;0
2;21;149;2;0;0;0;1;0;1;0
2;21;149;3;0;0;0;1;0;1;0
2;21;149;4;0;1;1;2;0;1;0
2;21;149;5;0;0;1;2;0;1;0
2;21;149;6;0;1;1;2;0;1;0
2;21;149;7;0;3;1;3;0;1;0
2;21;149;8;0;0;1;4;0;1;0
2;21;149;9;0;0;1;4;0;1;0
2;21;155;1;0;0;1;1;0;1;0
2;21;155;2;0;0;1;1;0;1;0
2;21;155;3;1;0;1;1;0;1;0
2;21;155;4;1;0;1;2;0;1;0
2;21;155;5;1;0;1;2;0;1;0
2;21;155;6;1;0;1;2;0;1;0
2;21;155;7;1;0;1;3;0;1;0
2;21;155;8;1;0;1;4;0;1;0
2;21;155;9;1;0;1;4;0;1;0
2;21;297;1;0;0;0;1;0;1;0
2;21;297;2;0;0;0;1;0;1;0
2;21;297;3;1;0;1;1;0;1;0
2;21;297;4;1;0;1;2;0;1;0
2;21;297;5;1;0;1;2;0;1;0
2;21;297;6;1;0;1;2;0;1;0
2;21;297;7;1;0;1;3;0;1;0
2;21;297;8;1;0;1;4;0;1;0
2;21;297;9;1;0;1;4;0;1;0
2;22;49;1;0;4;0;1;1;0;0
2;22;49;2;0;1;0;1;1;0;0
2;22;49;3;0;4;0;1;1;0;0
2;22;49;4;0;0;1;2;1;0;0
2;22;49;5;0;1;1;2;1;0;0
2;22;49;6;0;0;1;2;1;0;0
2;22;49;7;0;2;1;3;1;0;0
2;22;49;8;0;23;1;3;1;0;0
2;22;49;9;0;7;1;4;1;0;0
2;22;55;1;0;0;0;1;1;0;0
2;22;59;1;0;16;0;1;1;0;0
2;22;59;2;0;6;0;1;1;0;0
2;22;59;3;0;1;0;1;1;0;0
2;22;59;4;1;3;1;2;1;0;0
2;22;59;5;1;7;1;2;1;0;0
2;22;59;6;1;1;1;2;1;0;0
2;22;59;7;1;5;1;3;1;0;0
2;22;59;8;1;1;1;3;1;0;0
2;22;79;1;0;10;1;1;1;0;0
2;22;79;2;0;1;1;1;1;0;0
2;22;79;3;0;0;1;1;1;0;0
2;22;79;4;0;0;1;2;1;0;0
2;22;79;5;1;2;1;2;1;0;0
2;22;79;6;1;6;1;2;1;0;0
2;22;79;7;1;0;1;3;1;0;0
2;22;79;8;1;0;1;3;1;0;0
2;22;79;9;1;4;1;4;1;0;0
2;22;83;1;0;23;0;1;1;0;0
2;22;83;2;0;67;0;1;1;0;0
2;22;83;3;1;0;1;1;1;0;0
2;22;83;4;1;1;1;2;1;0;0
2;22;83;5;1;0;1;2;1;0;0
2;22;83;6;1;0;1;2;1;0;0
2;22;83;7;1;0;1;3;1;0;0
2;22;83;8;1;12;1;3;1;0;0
2;22;83;9;1;12;1;4;1;0;0
2;22;96;1;0;0;1;1;1;0;0
2;22;96;2;0;3;1;1;1;0;0
2;22;96;3;0;0;1;1;1;0;0
2;22;96;4;0;1;1;2;1;0;0
2;22;96;5;0;0;1;2;1;0;0
2;22;96;6;0;0;1;2;1;0;0
2;22;96;7;0;0;1;3;1;0;0
2;22;96;8;0;3;1;3;1;0;0
2;22;96;9;0;0;1;4;1;0;0
2;22;120;1;0;4;1;1;1;0;0
2;22;120;2;0;10;1;1;1;0;0
2;22;120;3;0;0;1;1;1;0;0
2;22;120;4;0;3;1;2;1;0;0
2;22;120;5;0;3;1;2;1;0;0
2;22;120;6;0;1;1;2;1;0;0
2;22;120;7;0;1;1;3;1;0;0
2;22;120;8;0;6;1;3;1;0;0
2;22;120;9;0;7;1;4;1;0;0
2;22;164;2;0;0;0;1;1;0;0
2;22;164;3;0;1;0;1;1;0;0
2;22;164;4;0;0;0;2;1;0;0
2;22;164;5;0;1;0;2;1;0;0
2;22;164;6;0;0;0;2;1;0;0
2;22;164;7;0;0;0;3;1;0;0
2;22;164;8;0;3;0;3;1;0;0
2;22;164;9;0;17;0;4;1;0;0
2;22;185;1;0;6;1;1;1;0;0
2;22;185;2;0;7;1;1;1;0;0
2;22;185;3;0;3;1;1;1;0;0
2;22;185;4;0;1;1;2;1;0;0
2;22;185;5;0;1;1;2;1;0;0
2;22;185;6;1;0;1;2;1;0;0
2;23;36;2;0;11;1;1;1;0;0
2;23;36;4;0;0;1;2;1;0;0
2;23;36;5;0;0;1;2;1;0;0
2;23;44;3;0;0;0;1;1;0;0
2;23;44;4;0;0;0;2;1;0;0
2;23;44;5;0;0;0;2;1;0;0
2;23;44;6;0;0;0;2;1;0;0
2;23;44;7;0;0;0;3;1;0;0
2;23;44;8;0;0;0;3;1;0;0
2;23;64;1;0;0;0;1;1;0;0
2;23;64;2;0;0;0;1;1;0;0
2;23;64;4;0;0;0;2;1;0;0
2;23;64;5;0;0;0;2;1;0;0
2;23;64;6;0;0;0;2;1;0;0
2;23;64;7;0;0;0;3;1;0;0
2;23;64;8;0;3;0;3;1;0;0
2;23;64;9;0;3;0;4;1;0;0
2;23;226;1;0;0;0;1;1;0;0
2;23;226;2;0;21;0;1;1;0;0
2;23;226;3;0;6;0;1;1;0;0
2;23;226;4;0;1;0;2;1;0;0
2;23;226;5;0;1;0;2;1;0;0
2;23;226;6;1;0;1;2;1;0;0
2;23;226;7;1;0;1;3;1;0;0
2;23;226;8;1;16;1;3;1;0;0
2;23;226;9;1;12;1;4;1;0;0
2;23;227;1;0;1;1;1;1;0;0
2;23;227;2;0;0;1;1;1;0;0
2;23;227;4;0;1;1;2;1;0;0
2;23;227;5;0;0;1;2;1;0;0
2;23;227;6;0;0;1;2;1;0;0
2;23;227;7;0;2;1;3;1;0;0
2;23;227;8;0;4;1;3;1;0;0
2;23;228;1;0;0;1;1;1;0;0
2;23;228;2;0;0;1;1;1;0;0
2;23;228;4;0;0;1;2;1;0;0
2;23;228;5;0;0;1;2;1;0;0
2;23;228;6;1;0;1;2;1;0;0
2;23;228;7;1;0;1;3;1;0;0
2;23;228;8;1;1;1;3;1;0;0
2;23;228;9;1;2;1;4;1;0;0
2;23;240;1;0;0;0;1;1;0;0
2;23;240;2;0;0;0;1;1;0;0
2;23;240;3;0;0;0;1;1;0;0
2;23;240;4;0;0;0;2;1;0;0
2;23;240;5;0;0;0;2;1;0;0
2;23;240;6;0;0;0;2;1;0;0
2;23;240;7;1;0;1;3;1;0;0
2;23;240;8;1;0;1;3;1;0;0
2;23;252;1;0;0;1;1;1;0;0
2;23;252;2;0;0;1;1;1;0;0
2;23;252;4;0;0;1;2;1;0;0
2;23;252;5;0;0;1;2;1;0;0
2;23;252;6;0;0;1;2;1;0;0
2;23;252;7;0;0;1;3;1;0;0
2;23;252;8;0;0;1;3;1;0;0
2;23;252;9;0;0;1;4;1;0;0
2;24;10;2;0;0;1;1;1;0;0
2;24;10;3;0;0;1;1;1;0;0
2;24;10;4;0;0;1;2;1;0;0
2;24;10;5;0;0;1;2;1;0;0
2;24;10;6;0;0;1;2;1;0;0
2;24;30;2;0;2;0;1;1;0;0
2;24;30;3;0;1;0;1;1;0;0
2;24;30;4;0;0;0;2;1;0;0
2;24;30;5;0;0;0;2;1;0;0
2;24;30;6;0;0;0;2;1;0;0
2;24;30;7;0;2;1;3;1;0;0
2;24;30;8;0;0;1;4;1;0;0
2;24;30;9;0;0;1;4;1;0;0
2;24;54;2;0;1;1;1;1;0;0
2;24;54;3;0;0;1;1;1;0;0
2;24;54;4;0;0;1;2;1;0;0
2;24;54;5;1;0;1;2;1;0;0
2;24;54;6;1;0;1;2;1;0;0
2;24;54;7;1;0;1;3;1;0;0
2;24;54;8;1;0;1;4;1;0;0
2;24;54;9;1;0;1;4;1;0;0
2;24;121;2;0;0;1;1;1;0;0
2;24;121;3;0;0;1;1;1;0;0
2;24;121;4;0;0;1;2;1;0;0
2;24;121;5;0;0;1;2;1;0;0
2;24;121;6;0;58;1;2;1;0;0
2;24;121;7;1;0;1;3;1;0;0
2;24;121;8;1;0;1;4;1;0;0
2;24;121;9;1;0;1;4;1;0;0
2;24;123;1;0;0;1;1;1;0;0
2;24;123;2;0;0;1;1;1;0;0
2;24;123;3;0;0;1;1;1;0;0
2;24;123;4;0;0;1;2;1;0;0
2;24;123;5;0;0;1;2;1;0;0
2;24;123;6;0;0;1;2;1;0;0
2;24;123;7;0;1;1;3;1;0;0
2;24;123;8;0;0;1;4;1;0;0
2;24;123;9;0;2;1;4;1;0;0
2;24;126;2;1;0;1;1;1;0;0
2;24;126;4;1;2;1;2;1;0;0
2;24;126;5;1;0;1;2;1;0;0
2;24;126;6;1;0;1;2;1;0;0
2;24;126;7;1;2;1;3;1;0;0
2;24;126;8;1;0;1;4;1;0;0
2;24;126;9;1;0;1;4;1;0;0
2;24;151;1;0;0;0;1;1;0;0
2;24;151;2;0;0;0;1;1;0;0
2;24;151;3;0;10;0;1;1;0;0
2;24;151;4;0;20;0;2;1;0;0
2;24;151;5;0;2;0;2;1;0;0
2;24;151;6;0;19;0;2;1;0;0
2;24;151;7;0;18;0;3;1;0;0
2;24;151;8;0;0;0;4;1;0;0
2;24;151;9;0;1;0;4;1;0;0
2;24;181;1;0;0;0;1;1;0;0
2;24;181;2;0;1;0;1;1;0;0
2;24;181;3;0;0;0;1;1;0;0
2;24;181;4;1;4;1;2;1;0;0
2;24;181;5;1;0;1;2;1;0;0
2;24;181;6;1;24;1;2;1;0;0
2;24;181;7;1;0;1;3;1;0;0
2;24;181;8;1;0;1;4;1;0;0
2;24;181;9;1;0;1;4;1;0;0
2;25;9;1;0;0;1;1;1;0;0
2;25;9;2;0;0;1;1;1;0;0
2;25;9;3;1;3;1;1;1;0;0
2;25;9;4;1;0;1;2;1;0;0
2;25;9;5;1;0;1;2;1;0;0
2;25;9;6;1;1;1;2;1;0;0
2;25;9;7;1;0;1;3;1;0;0
2;25;9;8;1;15;1;3;1;0;0
2;25;9;9;1;14;1;4;1;0;0
2;25;89;1;0;8;1;1;1;0;0
2;25;89;2;0;4;1;1;1;0;0
2;25;89;3;0;2;1;1;1;0;0
2;25;89;4;0;4;1;2;1;0;0
2;25;89;5;1;0;1;2;1;0;0
2;25;89;6;1;0;1;2;1;0;0
2;25;89;7;1;0;1;3;1;0;0
2;25;89;8;1;6;1;3;1;0;0
2;25;89;9;1;8;1;4;1;0;0
2;25;218;1;0;0;1;1;1;0;0
2;25;218;2;0;0;1;1;1;0;0
2;25;218;3;0;0;1;1;1;0;0
2;25;218;4;0;0;1;2;1;0;0
2;25;218;5;0;3;1;2;1;0;0
2;25;218;6;0;0;1;2;1;0;0
2;25;218;7;0;0;1;3;1;0;0
2;25;218;8;0;11;1;3;1;0;0
2;25;218;9;0;0;1;4;1;0;0
2;25;223;1;0;0;1;1;1;0;0
2;25;245;1;0;1;0;1;1;0;0
2;25;245;2;0;2;0;1;1;0;0
2;25;245;3;0;0;1;1;1;0;0
2;25;245;4;0;2;1;2;1;0;0
2;25;245;5;0;0;1;2;1;0;0
2;25;245;6;0;0;1;2;1;0;0
2;25;245;7;0;0;1;3;1;0;0
2;25;245;8;0;8;1;3;1;0;0
2;25;245;9;0;1;1;4;1;0;0
2;25;253;1;0;0;1;1;1;0;0
2;25;253;2;0;0;1;1;1;0;0
2;25;253;3;0;0;1;1;1;0;0
2;25;253;4;0;0;1;2;1;0;0
2;25;253;5;1;1;1;2;1;0;0
2;25;253;6;1;0;1;2;1;0;0
2;25;253;7;1;0;1;3;1;0;0
2;25;253;8;1;13;1;3;1;0;0
2;25;253;9;1;4;1;4;1;0;0
2;26;21;1;0;0;1;1;1;0;0
2;26;21;2;0;10;1;1;1;0;0
2;26;21;3;0;16;1;1;1;0;0
2;26;21;4;1;1;1;2;1;0;0
2;26;21;5;1;0;1;2;1;0;0
2;26;61;1;0;24;1;1;1;0;0
2;26;61;2;0;8;1;1;1;0;0
2;26;61;3;0;0;1;1;1;0;0
2;26;61;4;0;1;1;2;1;0;0
2;26;61;5;0;0;1;2;1;0;0
2;26;61;6;0;0;1;2;1;0;0
2;26;61;7;0;0;1;3;1;0;0
2;26;61;8;0;0;1;3;1;0;0
2;26;61;9;0;3;1;4;1;0;0
2;26;66;1;0;1;0;1;1;0;0
2;26;66;2;0;1;0;1;1;0;0
2;26;66;3;0;0;0;1;1;0;0
2;26;66;4;1;0;1;2;1;0;0
2;26;66;5;1;0;1;2;1;0;0
2;26;66;6;1;0;1;2;1;0;0
2;26;66;7;1;0;1;3;1;0;0
2;26;66;8;1;0;1;3;1;0;0
2;26;66;9;1;2;1;4;1;0;0
2;26;102;1;0;3;1;1;1;0;0
2;26;102;2;0;0;1;1;1;0;0
2;26;102;3;1;0;1;1;1;0;0
2;26;102;4;1;1;1;2;1;0;0
2;26;102;5;1;0;1;2;1;0;0
2;26;102;6;1;0;1;2;1;0;0
2;26;102;7;1;0;1;3;1;0;0
2;26;102;8;1;0;1;3;1;0;0
2;26;102;9;1;3;1;4;1;0;0
2;26;103;1;0;3;0;1;1;0;0
2;26;103;2;0;66;0;1;1;0;0
2;26;103;3;0;33;0;1;1;0;0
2;26;103;4;0;51;0;2;1;0;0
2;26;103;5;0;46;0;2;1;0;0
2;26;103;6;0;56;0;2;1;0;0
2;26;103;7;0;102;0;3;1;0;0
2;26;103;8;0;241;0;3;1;0;0
2;26;103;9;0;21;0;4;1;0;0
2;26;140;1;0;4;1;1;1;0;0
2;26;140;2;0;13;1;1;1;0;0
2;26;140;3;0;2;1;1;1;0;0
2;26;140;4;0;3;1;2;1;0;0
2;26;140;5;0;1;1;2;1;0;0
2;26;140;6;0;1;1;2;1;0;0
2;26;140;7;0;13;1;3;1;0;0
2;26;140;8;0;14;1;3;1;0;0
2;26;140;9;0;14;1;4;1;0;0
2;26;146;2;0;3;0;1;1;0;0
2;26;146;3;0;0;0;1;1;0;0
2;26;146;4;0;9;0;2;1;0;0
2;26;146;5;0;3;0;2;1;0;0
2;26;146;6;0;10;0;2;1;0;0
2;26;146;7;1;0;1;3;1;0;0
2;26;146;8;1;0;1;3;1;0;0
2;26;160;1;0;0;0;1;1;0;0
2;26;160;2;0;11;0;1;1;0;0
2;26;160;3;0;4;0;1;1;0;0
2;26;160;4;0;0;1;2;1;0;0
2;26;160;5;0;5;1;2;1;0;0
2;26;160;6;0;6;1;2;1;0;0
2;26;160;7;0;20;1;3;1;0;0
2;26;160;8;0;17;1;3;1;0;0
2;26;160;9;0;3;1;4;1;0;0
2;27;45;1;0;2;1;1;1;0;1
2;27;45;2;0;15;1;1;1;0;1
2;27;45;3;0;28;1;1;1;0;1
2;27;45;4;0;9;1;2;1;0;1
2;27;45;6;0;1;1;2;1;0;1
2;27;45;7;0;0;1;3;1;0;1
2;27;45;8;0;6;1;3;1;0;1
2;27;80;2;0;16;0;1;1;0;1
2;27;80;3;0;8;0;1;1;0;1
2;27;80;4;0;8;0;2;1;0;1
2;27;80;5;0;5;0;2;1;0;1
2;27;80;6;0;4;0;2;1;0;1
2;27;80;7;0;10;0;3;1;0;1
2;27;80;8;0;71;0;3;1;0;1
2;27;80;9;0;0;0;4;1;0;1
2;27;104;1;0;1;1;1;1;0;1
2;27;104;2;0;2;1;1;1;0;1
2;27;104;3;1;0;1;1;1;0;1
2;27;104;4;1;1;1;2;1;0;1
2;27;104;5;1;0;1;2;1;0;1
2;27;104;6;1;0;1;2;1;0;1
2;27;104;7;1;0;1;3;1;0;1
2;27;104;8;1;13;1;3;1;0;1
2;27;104;9;1;0;1;4;1;0;1
2;27;113;2;0;29;0;1;1;0;1
2;27;113;3;0;21;0;1;1;0;1
2;27;113;4;0;30;0;2;1;0;1
2;27;113;5;0;26;0;2;1;0;1
2;27;113;6;0;15;0;2;1;0;1
2;27;113;7;0;123;0;3;1;0;1
2;27;113;8;0;216;0;3;1;0;1
2;27;113;9;0;135;0;4;1;0;1
2;27;142;1;0;3;0;1;1;0;1
2;27;142;2;0;1;0;1;1;0;1
2;27;142;3;0;1;0;1;1;0;1
2;27;142;4;0;0;0;2;1;0;1
2;27;142;6;0;8;1;2;1;0;1
2;27;142;7;0;11;1;3;1;0;1
2;27;142;8;0;12;1;3;1;0;1
2;27;142;9;0;2;1;4;1;0;1
2;27;179;1;0;4;1;1;1;0;1
2;27;179;2;0;3;1;1;1;0;1
2;27;179;3;0;3;1;1;1;0;1
2;27;179;4;0;9;1;2;1;0;1
2;27;179;6;0;0;1;2;1;0;1
2;27;179;7;0;4;1;3;1;0;1
2;27;179;8;0;14;1;3;1;0;1
2;27;179;9;0;2;1;4;1;0;1
2;27;184;1;0;1;0;1;1;0;1
2;27;184;2;0;2;0;1;1;0;1
2;27;184;3;0;0;0;1;1;0;1
2;27;184;4;0;0;0;2;1;0;1
2;27;184;6;1;0;1;2;1;0;1
2;27;184;7;1;0;1;3;1;0;1
2;27;184;8;1;19;1;3;1;0;1
2;27;184;9;1;1;1;4;1;0;1
2;27;192;1;0;28;1;1;1;0;1
2;27;192;2;0;33;1;1;1;0;1
2;27;192;3;0;6;1;1;1;0;1
2;27;192;4;0;7;1;2;1;0;1
2;27;192;6;1;0;1;2;1;0;1
2;27;192;7;1;0;1;3;1;0;1
2;27;192;8;1;13;1;3;1;0;1
2;27;192;9;1;46;1;4;1;0;1
2;28;37;1;0;36;0;1;1;0;0
2;28;37;2;0;104;0;1;1;0;0
2;28;37;3;0;43;0;1;1;0;0
2;28;37;4;0;17;0;2;1;0;0
2;28;37;5;0;8;0;2;1;0;0
2;28;37;6;0;4;1;2;1;0;0
2;28;37;7;0;0;1;3;1;0;0
2;28;37;8;0;37;1;3;1;0;0
2;28;37;9;0;1;1;4;1;0;0
2;28;62;1;0;3;1;1;1;0;0
2;28;62;2;0;0;1;1;1;0;0
2;28;62;3;0;1;1;1;1;0;0
2;28;62;4;0;1;1;2;1;0;0
2;28;62;5;0;0;1;2;1;0;0
2;28;62;6;1;0;1;2;1;0;0
2;28;62;7;1;0;1;3;1;0;0
2;28;62;8;1;0;1;3;1;0;0
2;28;62;9;1;1;1;4;1;0;0
2;28;68;1;0;0;1;1;1;0;0
2;28;68;2;0;11;1;1;1;0;0
2;28;68;3;0;8;1;1;1;0;0
2;28;68;4;0;10;1;2;1;0;0
2;28;68;5;0;0;1;2;1;0;0
2;28;68;6;0;9;1;2;1;0;0
2;28;68;7;0;16;1;3;1;0;0
2;28;68;8;0;22;1;3;1;0;0
2;28;68;9;0;0;1;4;1;0;0
2;28;97;1;0;7;0;1;1;0;0
2;28;97;2;0;12;0;1;1;0;0
2;28;97;3;0;23;0;1;1;0;0
2;28;97;4;0;24;0;2;1;0;0
2;28;97;5;1;0;1;2;1;0;0
2;28;97;6;1;0;1;2;1;0;0
2;28;97;7;1;0;1;3;1;0;0
2;28;97;8;1;1;1;3;1;0;0
2;28;97;9;1;0;1;4;1;0;0
2;28;105;1;0;1;1;1;1;0;0
2;28;105;2;0;2;1;1;1;0;0
2;28;105;3;0;0;1;1;1;0;0
2;28;105;4;0;23;1;2;1;0;0
2;28;105;5;0;7;1;2;1;0;0
2;28;105;6;0;10;1;2;1;0;0
2;28;105;7;0;68;1;3;1;0;0
2;28;105;8;0;4;1;3;1;0;0
2;28;105;9;0;1;1;4;1;0;0
2;28;108;1;0;127;0;1;1;0;0
2;28;108;2;0;208;0;1;1;0;0
2;28;108;3;0;120;0;1;1;0;0
2;28;108;4;0;0;0;2;1;0;0
2;28;108;5;0;3;1;2;1;0;0
2;28;108;6;0;35;1;2;1;0;0
2;28;108;7;0;73;1;3;1;0;0
2;28;108;8;0;209;1;3;1;0;0
2;28;108;9;0;1;1;4;1;0;0
2;28;143;1;0;0;1;1;1;0;0
2;28;143;2;0;0;1;1;1;0;0
2;28;143;3;0;0;1;1;1;0;0
2;28;143;4;0;0;1;2;1;0;0
2;28;143;5;0;2;1;2;1;0;0
2;28;143;6;1;0;1;2;1;0;0
2;28;143;7;1;0;1;3;1;0;0
2;28;143;8;1;2;1;3;1;0;0
2;28;143;9;1;0;1;4;1;0;0
2;28;152;1;0;7;0;1;1;0;0
2;28;152;2;0;5;0;1;1;0;0
2;28;152;3;0;4;0;1;1;0;0
2;28;152;4;0;7;0;2;1;0;0
2;28;152;5;1;0;1;2;1;0;0
2;28;152;6;1;0;1;2;1;0;0
2;28;152;7;1;0;1;3;1;0;0
2;28;152;8;1;1;1;3;1;0;0
2;28;152;9;1;0;1;4;1;0;0
2;29;204;2;0;45;0;1;1;1;1
2;29;204;3;0;64;0;2;1;1;1
2;29;204;4;0;20;0;2;1;1;1
2;29;204;5;0;21;0;2;1;1;1
2;29;204;6;1;0;1;3;1;1;1
2;29;204;7;1;0;1;3;1;1;1
2;29;204;8;1;14;1;4;1;1;1
2;29;209;1;0;5;0;1;1;1;1
2;29;230;1;0;0;1;1;1;1;1
2;29;230;2;0;1;1;1;1;1;1
2;29;230;3;0;0;1;2;1;1;1
2;29;230;4;0;0;1;2;1;1;1
2;29;230;5;0;2;1;2;1;1;1
2;29;230;6;0;1;1;3;1;1;1
2;29;230;7;0;7;1;3;1;1;1
2;29;230;8;0;1;1;4;1;1;1
2;29;232;8;0;24;0;4;1;1;1
2;29;233;1;0;29;0;1;1;1;1
2;29;233;2;0;0;0;1;1;1;1
2;29;233;3;0;11;0;2;1;1;1
2;29;233;4;0;6;0;2;1;1;1
2;29;233;5;1;11;1;2;1;1;1
2;29;233;6;1;0;1;3;1;1;1
2;29;233;7;1;2;1;3;1;1;1
2;29;234;2;0;6;0;1;1;1;1
2;29;234;3;0;3;0;2;1;1;1
2;29;234;4;0;0;0;2;1;1;1
2;29;234;5;0;0;1;2;1;1;1
2;29;234;6;0;6;1;3;1;1;1
2;29;234;7;0;5;1;3;1;1;1
2;29;234;8;0;4;1;4;1;1;1
2;29;241;1;0;0;0;1;1;1;1
2;29;241;2;0;8;0;1;1;1;1
2;29;241;3;0;9;0;2;1;1;1
2;29;241;4;0;0;1;2;1;1;1
2;29;241;5;0;1;1;2;1;1;1
2;29;248;1;0;0;1;1;1;1;1
2;29;248;2;0;3;1;1;1;1;1
2;29;248;3;0;13;1;2;1;1;1
2;29;248;4;1;0;1;2;1;1;1
2;29;248;5;1;3;1;2;1;1;1
2;29;248;6;1;0;1;3;1;1;1
2;29;248;7;1;0;1;3;1;1;1
2;29;248;8;1;3;1;4;1;1;1
2;29;249;1;0;4;1;1;1;1;1
2;29;249;2;0;1;1;1;1;1;1
2;29;249;3;0;1;1;2;1;1;1
2;29;249;4;1;0;1;2;1;1;1
2;29;249;5;1;0;1;2;1;1;1
2;29;249;6;1;0;1;3;1;1;1
2;29;249;7;1;9;1;3;1;1;1
2;29;249;8;1;0;1;4;1;1;1
2;29;257;1;0;0;1;1;1;1;1
2;29;257;2;1;0;1;1;1;1;1
2;29;257;3;1;0;1;2;1;1;1
2;29;257;4;1;0;1;2;1;1;1
2;29;257;5;1;0;1;2;1;1;1
2;29;257;6;1;3;1;3;1;1;1
2;29;257;7;1;6;1;3;1;1;1
2;29;257;8;1;33;1;4;1;1;1
3;35;53;3;0;0;0;3;1;0;0
3;35;53;4;0;2;0;4;1;0;0
3;35;56;1;0;0;0;1;1;0;0
3;35;56;2;0;0;0;2;1;0;0
3;35;90;1;0;0;0;1;1;0;0
3;35;90;2;0;0;0;2;1;0;0
3;35;109;1;0;0;0;1;1;0;0
3;35;109;2;0;0;0;2;1;0;0
3;35;109;3;0;0;0;3;1;0;0
3;35;109;4;0;2;0;4;1;0;0
3;35;112;3;0;0;0;3;1;0;0
3;35;112;4;0;0;0;4;1;0;0
3;35;131;1;0;0;1;1;1;0;0
3;35;131;2;0;0;1;2;1;0;0
3;35;131;3;0;0;1;3;1;0;0
3;35;131;4;0;0;1;4;1;0;0
3;35;156;1;0;0;1;1;1;0;0
3;35;165;1;0;0;1;1;1;0;0
3;35;171;1;0;5;0;1;1;0;0
3;35;171;2;0;3;0;2;1;0;0
3;35;171;3;0;0;0;3;1;0;0
3;35;183;1;0;0;1;1;1;0;0
3;35;183;2;0;0;1;2;1;0;0
3;35;183;4;0;1;1;4;1;0;0
3;35;187;2;0;2;1;2;1;0;0
3;35;187;3;0;0;1;3;1;0;0
3;35;187;4;0;0;1;4;1;0;0
3;35;199;2;0;0;1;2;1;0;0
3;35;199;3;0;0;1;3;1;0;0
3;36;4;1;0;0;1;1;0;1;0
3;36;4;2;0;0;1;2;0;1;0
3;36;4;3;0;0;1;3;0;1;0
3;36;24;1;0;0;1;1;0;1;0
3;36;24;2;0;0;1;2;0;1;0
3;36;40;1;0;1;1;1;0;1;0
3;36;40;2;0;0;1;2;0;1;0
3;36;63;1;0;0;1;1;0;1;0
3;36;63;2;0;1;1;2;0;1;0
3;36;63;3;0;1;1;3;0;1;0
3;36;63;4;0;0;1;4;0;1;0
3;36;162;1;0;3;0;1;0;1;0
3;36;162;2;0;13;0;2;0;1;0
3;36;162;3;0;0;0;3;0;1;0
3;36;166;1;0;7;0;1;0;1;0
3;36;166;2;0;1;0;2;0;1;0
3;36;166;3;0;1;0;3;0;1;0
3;36;166;4;0;29;0;4;0;1;0
3;36;172;1;0;4;0;1;0;1;0
3;36;172;2;0;0;0;2;0;1;0
3;36;172;3;0;0;0;3;0;1;0
3;36;172;4;0;0;0;4;0;1;0
3;36;177;1;0;48;0;1;0;1;0
3;36;177;2;0;20;0;2;0;1;0
3;36;177;3;0;2;0;3;0;1;0
3;36;177;4;0;8;0;4;0;1;0
3;37;5;1;0;19;0;1;0;0;0
3;37;5;2;0;5;0;2;0;0;0
3;37;5;3;0;15;0;3;0;0;0
3;37;5;4;0;17;0;4;0;0;0
3;37;17;1;0;0;1;1;0;0;0
3;37;17;2;0;0;1;2;0;0;0
3;37;17;3;0;0;1;3;0;0;0
3;37;17;4;0;0;1;4;0;0;0
3;37;35;1;0;0;1;1;0;0;0
3;37;35;2;0;0;1;2;0;0;0
3;37;35;3;0;0;1;3;0;0;0
3;37;35;4;0;0;1;4;0;0;0
3;37;50;1;0;0;0;1;0;0;0
3;37;76;1;0;0;1;1;0;0;0
3;37;76;2;0;0;1;2;0;0;0
3;37;124;1;0;0;1;1;0;0;0
3;37;124;2;0;0;1;2;0;0;0
3;37;124;3;0;0;1;3;0;0;0
3;37;124;4;0;0;1;4;0;0;0
3;37;157;3;0;15;0;3;0;0;0
3;37;157;4;0;5;0;4;0;0;0
3;37;170;1;0;23;0;1;0;0;0
3;37;170;2;0;1;0;2;0;0;0
3;37;170;3;0;0;0;3;0;0;0
3;37;170;4;0;1;0;4;0;0;0
3;37;173;1;0;0;0;1;0;0;0
3;37;173;2;0;2;0;2;0;0;0
3;37;173;3;0;5;0;3;0;0;0
3;37;173;4;0;0;0;4;0;0;0
3;37;180;3;0;0;1;3;0;0;0
3;38;1;3;0;1;1;3;1;0;0
3;38;1;4;0;0;1;4;1;0;0
3;38;6;3;0;0;0;3;1;0;0
3;38;6;4;0;0;0;4;1;0;0
3;38;25;1;0;0;1;1;1;0;0
3;38;25;2;0;0;1;2;1;0;0
3;38;25;3;0;1;1;3;1;0;0
3;38;25;4;0;0;1;4;1;0;0
3;38;32;1;0;0;0;1;1;0;0
3;38;32;2;0;0;0;2;1;0;0
3;38;43;1;0;0;0;1;1;0;0
3;38;43;2;0;0;0;2;1;0;0
3;38;43;3;0;0;0;3;1;0;0
3;38;43;4;0;0;0;4;1;0;0
3;38;81;1;0;1;1;1;1;0;0
3;38;81;2;0;0;1;2;1;0;0
3;38;81;3;0;0;1;3;1;0;0
3;38;81;4;0;1;1;4;1;0;0
3;38;86;1;0;0;0;1;1;0;0
3;38;86;2;0;0;0;2;1;0;0
3;38;86;3;0;0;0;3;1;0;0
3;38;86;4;0;6;0;4;1;0;0
3;38;158;1;0;0;1;1;1;0;0
3;38;158;2;0;0;1;2;1;0;0
3;38;158;3;0;0;1;3;1;0;0
3;38;158;4;0;0;1;4;1;0;0
3;38;174;1;0;0;1;1;1;0;0
3;38;174;2;0;0;1;2;1;0;0
3;38;188;1;0;0;0;1;1;0;0
3;38;188;2;0;0;0;2;1;0;0
3;38;188;3;0;0;0;3;1;0;0
3;38;188;4;0;3;0;4;1;0;0
3;39;7;1;0;12;0;1;0;0;0
3;39;7;2;0;8;0;2;0;0;0
3;39;7;4;0;8;0;4;0;0;0
3;39;18;1;0;3;0;1;0;0;0
3;39;18;2;0;0;0;2;0;0;0
3;39;18;3;0;0;0;3;0;0;0
3;39;18;4;0;1;0;4;0;0;0
3;39;19;1;0;0;1;1;0;0;0
3;39;19;2;0;0;1;2;0;0;0
3;39;19;4;0;0;1;4;0;0;0
3;39;22;1;0;1;0;1;0;0;0
3;39;22;2;0;0;0;2;0;0;0
3;39;22;4;0;0;0;4;0;0;0
3;39;87;1;0;0;1;1;0;0;0
3;39;87;2;0;0;1;2;0;0;0
3;39;87;3;0;0;1;3;0;0;0
3;39;87;4;0;0;1;4;0;0;0
3;39;116;1;0;0;0;1;0;0;0
3;39;116;2;0;0;0;2;0;0;0
3;39;116;3;0;0;0;3;0;0;0
3;39;147;1;0;0;1;1;0;0;0
3;39;147;2;0;0;1;2;0;0;0
3;39;147;3;0;1;1;3;0;0;0
3;39;163;1;0;0;1;1;0;0;0
3;39;163;2;0;0;1;2;0;0;0
3;39;163;4;0;0;1;4;0;0;0
4;30;211;1;0;15;0;1;0;0;0
4;30;211;2;0;0;0;2;0;0;0
4;30;211;3;0;2;0;3;0;0;0
4;30;211;4;0;1;0;4;0;0;0
4;30;214;1;0;0;1;1;0;0;0
4;30;214;2;0;0;1;2;0;0;0
4;30;214;3;0;8;1;3;0;0;0
4;30;214;4;0;0;1;4;0;0;0
4;30;224;1;0;0;1;1;0;0;0
4;30;224;2;0;0;1;2;0;0;0
4;30;224;3;0;1;1;3;0;0;0
4;30;224;4;0;0;1;4;0;0;0
4;30;229;1;0;5;0;1;0;0;0
4;30;229;2;0;0;0;2;0;0;0
4;30;229;3;0;0;0;3;0;0;0
4;30;231;1;0;0;0;1;0;0;0
4;30;231;2;0;0;0;2;0;0;0
4;30;231;3;0;0;0;3;0;0;0
4;30;231;4;0;0;0;4;0;0;0
4;30;250;1;0;0;1;1;0;0;0
4;30;250;2;0;0;1;2;0;0;0
4;30;250;3;0;0;1;3;0;0;0
4;30;250;4;0;0;1;4;0;0;0
4;30;251;1;0;0;0;1;0;0;0
4;30;251;2;0;1;0;2;0;0;0
4;30;251;3;0;6;0;3;0;0;0
4;30;258;1;0;6;1;1;0;0;0
4;30;258;2;0;0;1;2;0;0;0
4;30;258;3;0;0;1;3;0;0;0
4;30;258;4;0;0;1;4;0;0;0
4;31;23;1;0;0;0;1;0;0;0
4;31;23;2;0;0;0;2;0;0;0
4;31;23;3;0;1;0;3;0;0;0
4;31;23;4;0;1;0;4;0;0;0
4;31;33;1;0;0;0;1;0;0;0
4;31;33;2;0;0;0;2;0;0;0
4;31;33;3;0;0;0;3;0;0;0
4;31;33;4;0;2;0;4;0;0;0
4;31;69;1;0;0;1;1;0;0;0
4;31;69;2;0;0;1;2;0;0;0
4;31;69;3;0;0;1;3;0;0;0
4;31;127;1;0;0;1;1;0;0;0
4;31;127;2;0;0;1;2;0;0;0
4;31;127;3;0;0;1;3;0;0;0
4;31;134;1;0;0;1;1;0;0;0
4;31;134;2;0;0;1;2;0;0;0
4;31;134;3;0;0;1;3;0;0;0
4;31;134;4;0;1;1;4;0;0;0
4;31;144;1;0;0;0;1;0;0;0
4;31;144;2;0;0;0;2;0;0;0
4;31;144;3;0;0;0;3;0;0;0
4;31;153;1;0;30;0;1;0;0;0
4;31;153;2;0;1;0;2;0;0;0
4;31;153;3;0;73;0;3;0;0;0
4;31;153;4;0;26;0;4;0;0;0
4;31;161;1;0;0;1;1;0;0;0
4;31;161;2;0;0;1;2;0;0;0
4;31;161;3;0;0;1;3;0;0;0
4;32;202;1;0;3;1;1;0;0;0
4;32;202;2;0;0;1;2;0;0;0
4;32;202;3;0;0;1;3;0;0;0
4;32;202;4;0;3;1;4;0;0;0
4;32;212;1;0;0;1;1;0;0;0
4;32;212;2;0;0;1;2;0;0;0
4;32;212;3;0;0;1;3;0;0;0
4;32;212;4;0;0;1;4;0;0;0
4;32;213;1;0;0;1;1;0;0;0
4;32;213;2;0;0;1;2;0;0;0
4;32;213;3;0;0;1;3;0;0;0
4;32;213;4;0;0;1;4;0;0;0
4;32;215;1;0;0;1;1;0;0;0
4;32;215;2;0;0;1;2;0;0;0
4;32;215;3;0;0;1;3;0;0;0
4;32;215;4;0;0;1;4;0;0;0
4;32;225;1;0;1;0;1;0;0;0
4;32;225;2;0;2;0;2;0;0;0
4;32;225;3;0;2;0;3;0;0;0
4;32;225;4;0;0;0;4;0;0;0
4;32;242;1;0;1;1;1;0;0;0
4;32;242;2;0;0;1;2;0;0;0
4;32;242;3;0;0;1;3;0;0;0
4;32;242;4;0;0;1;4;0;0;0
4;32;246;1;0;0;1;1;0;0;0
4;32;246;2;0;0;1;2;0;0;0
4;32;246;3;0;0;1;3;0;0;0
4;32;246;4;0;0;1;4;0;0;0
4;32;254;1;0;1;1;1;0;0;0
4;32;254;2;0;2;1;2;0;0;0
4;32;254;3;0;0;1;3;0;0;0
4;32;254;4;0;0;1;4;0;0;0
4;33;2;1;0;0;0;1;0;0;0
4;33;2;2;0;0;0;2;0;0;0
4;33;2;3;0;1;0;3;0;0;0
4;33;2;4;0;0;0;4;0;0;0
4;33;34;1;0;189;0;1;0;0;0
4;33;34;2;0;115;0;2;0;0;0
4;33;34;3;0;145;0;3;0;0;0
4;33;34;4;0;153;0;4;0;0;0
4;33;38;1;0;0;1;1;0;0;0
4;33;38;2;0;0;1;2;0;0;0
4;33;38;3;0;0;1;3;0;0;0
4;33;38;4;0;0;1;4;0;0;0
4;33;47;1;0;5;0;1;0;0;0
4;33;47;2;0;0;0;2;0;0;0
4;33;47;3;0;0;0;3;0;0;0
4;33;47;4;0;0;0;4;0;0;0
4;33;52;1;0;0;1;1;0;0;0
4;33;52;2;0;0;1;2;0;0;0
4;33;52;3;0;0;1;3;0;0;0
4;33;52;4;0;0;1;4;0;0;0
4;33;115;1;0;0;0;1;0;0;0
4;33;115;2;0;0;0;2;0;0;0
4;33;115;3;0;2;0;3;0;0;0
4;33;115;4;0;21;0;4;0;0;0
4;33;130;1;0;0;1;1;0;0;0
4;33;130;2;0;0;1;2;0;0;0
4;33;130;3;0;0;1;3;0;0;0
4;33;130;4;0;0;1;4;0;0;0
4;33;148;1;0;0;1;1;0;0;0
4;33;148;2;0;0;1;2;0;0;0
4;33;148;3;0;0;1;3;0;0;0
4;33;148;4;0;0;1;4;0;0;0
4;34;3;1;0;0;0;1;0;0;0
4;34;3;2;0;0;0;2;0;0;0
4;34;3;3;0;0;0;3;0;0;0
4;34;3;4;0;0;0;4;0;0;0
4;34;16;1;0;0;1;1;0;0;0
4;34;16;2;0;0;1;2;0;0;0
4;34;16;3;0;0;1;3;0;0;0
4;34;16;4;0;0;1;4;0;0;0
4;34;26;1;0;0;0;1;0;0;0
4;34;26;2;0;0;0;2;0;0;0
4;34;26;3;0;0;0;3;0;0;0
4;34;26;4;0;0;0;4;0;0;0
4;34;41;1;0;0;1;1;0;0;0
4;34;41;2;0;0;1;2;0;0;0
4;34;41;3;0;0;1;3;0;0;0
4;34;41;4;0;0;1;4;0;0;0
4;34;42;1;0;0;0;1;0;0;0
4;34;98;1;0;0;0;1;0;0;0
4;34;98;2;0;0;0;2;0;0;0
4;34;98;3;0;0;0;3;0;0;0
4;34;98;4;0;0;0;4;0;0;0
4;34;182;1;0;1;1;1;0;0;0
4;34;182;2;0;0;1;2;0;0;0
4;34;182;3;0;0;1;3;0;0;0
4;34;198;1;0;0;0;1;0;0;0
4;34;198;2;0;0;0;2;0;0;0
4;34;198;3;0;0;0;3;0;0;0
