herdid;cowid;test;h_size;c_heifer;t_season;t_dim;t_lnscc
1;1;0;45;0;2;21;6.565265179
1;2;2;45;0;2;76;6.396930218
1;3;0;45;0;3;22;5.39362812
1;4;1;45;0;2;36;4.605169773
1;5;0;45;0;3;11;3.688879013
1;6;5;45;0;3;169;7.265429974
1;7;1;45;0;2;58;4.094345093
1;8;3;45;0;3;110;6.345635891
1;9;1;45;0;2;43;8.113725662
1;10;3;45;0;3;112;2.995732069
1;11;0;45;0;2;17;3.912023067
1;12;0;45;0;3;18;7.922986031
1;13;2;45;0;3;66;4.700479984
1;14;0;45;0;4;23;5.52146101
1;15;4;45;0;2;134;5.39362812
1;16;5;45;0;3;152;2.302584887
1;17;0;45;0;4;16;2.302584887
1;18;1;45;0;2;53;6.194405079
1;19;0;45;0;3;21;2.995732069
1;20;2;45;0;2;70;2.995732069
1;21;1;45;0;3;43;2.995732069
1;22;3;45;0;3;102;2.302584887
1;23;0;45;0;1;12;2.995732069
1;24;6;45;0;2;198;7.215240002
1;25;1;45;0;2;32;7.795647144
1;26;1;45;0;2;31;6.396930218
1;27;6;45;0;3;188;5.135797977
1;28;1;45;0;2;42;3.401196957
1;29;0;45;0;2;27;4.700479984
1;30;0;45;0;1;16;5.247024059
1;31;0;45;0;3;11;3.688879013
1;32;3;45;1;3;116;5.703782082
1;33;8;45;1;2;260;5.43807888
1;34;1;45;0;3;51;4.382027149
1;35;0;45;1;2;29;2.302584887
1;36;0;45;1;2;17;5.669880867
1;37;0;45;1;3;18;2.302584887
1;38;4;45;1;3;124;4.248495102
1;39;3;45;1;3;115;4.605169773
1;40;0;45;1;3;20;2.302584887
1;41;1;45;1;2;30;4.094345093
1;42;4;45;1;3;127;4.094345093
1;43;0;45;1;2;26;4.382027149
1;44;0;45;1;3;14;2.302584887
1;45;1;45;1;4;31;6.445720196
1;46;0;45;1;4;11;6.646390915
1;47;0;45;1;2;11;3.688879013
1;48;0;45;1;4;13;2.302584887
1;49;1;45;1;4;30;2.995732069
1;50;0;45;1;3;22;5.247024059
1;51;1;45;1;4;32;2.995732069
1;52;0;45;1;4;18;2.302584887
1;53;0;45;1;4;18;2.302584887
1;54;0;45;1;4;26;3.688879013
1;55;1;45;1;3;32;2.995732069
1;56;0;45;1;1;27;2.995732069
1;57;0;45;1;2;13;3.401196957
1;58;1;45;1;3;30;2.995732069
1;59;0;45;1;2;16;4.499810219
1;60;0;45;1;2;24;2.302584887
1;61;0;45;1;2;12;2.302584887
1;62;0;45;1;2;24;2.302584887
1;63;0;45;1;3;24;5.010634899
1;64;1;45;1;3;31;4.867534161
1;65;0;45;1;2;13;5.075173855
1;66;1;45;1;3;36;4.094345093
1;67;4;45;0;3;139;7.828038216
1;68;1;45;0;3;33;6.01615715
2;69;1;56.20000076;1;2;53;5.347107887
2;70;0;56.20000076;1;4;13;3.688879013
2;71;1;56.20000076;0;3;41;6.756931782
2;72;1;56.20000076;0;2;45;4.787491798
2;73;0;56.20000076;0;2;11;5.940170765
2;74;0;56.20000076;0;2;20;6.697033882
2;75;2;56.20000076;0;2;87;5.669880867
2;76;1;56.20000076;0;2;40;4.094345093
2;77;2;56.20000076;0;2;78;3.688879013
2;78;1;56.20000076;0;2;51;3.912023067
2;79;0;56.20000076;0;2;22;3.912023067
2;80;0;56.20000076;0;2;13;4.499810219
2;81;2;56.20000076;0;2;78;6.476972103
2;82;1;56.20000076;0;2;52;4.382027149
2;83;0;56.20000076;0;2;19;6.937314034
2;84;4;56.20000076;0;2;148;4.787491798
2;85;3;56.20000076;0;2;94;5.010634899
2;86;2;56.20000076;0;2;60;5.010634899
2;87;2;56.20000076;0;2;70;5.247024059
2;88;7;56.20000076;1;2;216;2.995732069
2;89;1;56.20000076;0;2;48;5.347107887
2;90;0;56.20000076;0;2;23;4.382027149
2;91;1;56.20000076;0;2;45;4.787491798
2;92;0;56.20000076;0;2;22;4.867534161
2;93;4;56.20000076;1;2;149;6.396930218
2;94;4;56.20000076;1;2;149;6.507277966
2;95;3;56.20000076;1;2;99;3.912023067
2;96;3;56.20000076;1;2;116;3.688879013
2;97;1;56.20000076;0;1;31;3.401196957
2;98;4;56.20000076;1;2;134;4.605169773
2;99;0;56.20000076;1;4;13;4.248495102
2;100;0;56.20000076;1;4;29;2.995732069
2;101;1;56.20000076;1;4;36;3.401196957
2;102;0;56.20000076;1;4;17;4.094345093
2;103;3;56.20000076;1;2;114;4.094345093
2;104;0;56.20000076;1;4;25;2.302584887
2;105;0;56.20000076;1;4;16;4.382027149
2;106;1;56.20000076;1;4;31;4.248495102
2;107;1;56.20000076;1;2;44;4.605169773
2;108;0;56.20000076;1;4;14;4.382027149
2;109;0;56.20000076;1;4;29;2.995732069
2;110;0;56.20000076;1;4;13;3.688879013
2;111;0;56.20000076;1;4;19;3.688879013
2;112;0;56.20000076;1;4;13;3.912023067
2;113;1;56.20000076;1;2;40;5.298316956
2;114;0;56.20000076;1;2;26;2.995732069
2;115;0;56.20000076;1;2;25;6.72142601
2;116;1;56.20000076;1;2;35;4.382027149
2;117;0;56.20000076;1;2;23;2.995732069
2;118;1;56.20000076;1;2;33;5.703782082
2;119;0;56.20000076;1;2;11;3.688879013
2;120;1;56.20000076;1;2;41;3.401196957
2;121;1;56.20000076;1;2;33;4.248495102
2;122;1;56.20000076;1;2;30;3.688879013
2;123;1;56.20000076;1;2;39;4.094345093
2;124;1;56.20000076;1;2;39;3.912023067
2;125;0;56.20000076;0;2;16;3.688879013
2;126;1;56.20000076;1;2;30;3.912023067
2;127;1;56.20000076;1;2;45;5.247024059
2;128;1;56.20000076;1;2;48;6.063785076
2;129;0;56.20000076;1;2;27;6.063785076
2;130;1;56.20000076;0;2;52;6.72142601
2;131;0;56.20000076;0;4;18;4.382027149
2;132;1;56.20000076;0;4;43;5.135797977
2;133;0;56.20000076;0;4;24;5.828946114
2;134;0;56.20000076;0;4;11;5.940170765
2;135;6;56.20000076;1;2;197;4.382027149
2;136;1;56.20000076;1;4;35;4.094345093
2;137;1;56.20000076;0;2;46;6.173786163
2;138;0;56.20000076;0;2;12;5.828946114
2;139;1;56.20000076;1;2;39;6.522092819
2;140;3;56.20000076;0;2;107;3.688879013
3;141;1;101.5;0;1;44;4.248495102
3;142;1;101.5;0;2;32;7.130898952
3;143;0;101.5;0;2;23;7.73193121
3;144;0;101.5;1;3;26;4.094345093
3;145;0;101.5;1;2;23;3.912023067
3;146;1;101.5;0;2;44;4.941641808
3;147;0;101.5;0;4;11;6.672032833
3;148;1;101.5;1;3;33;2.995732069
3;149;0;101.5;0;3;26;5.52146101
3;150;0;101.5;1;3;21;4.248495102
3;151;1;101.5;1;3;35;3.401196957
3;152;0;101.5;1;2;12;5.075173855
3;153;0;101.5;1;2;12;3.688879013
3;154;0;101.5;1;3;20;5.347107887
3;155;0;101.5;0;1;12;5.669880867
3;156;1;101.5;0;2;31;7.200425148
3;157;1;101.5;0;3;42;3.688879013
3;158;1;101.5;0;2;35;3.401196957
3;159;0;101.5;0;4;10;5.52146101
3;160;0;101.5;0;4;17;2.995732069
3;161;1;101.5;0;2;36;2.995732069
4;162;3;26.70000076;0;3;98;4.248495102
4;163;4;26.70000076;1;2;147;4.248495102
4;164;0;26.70000076;0;4;18;4.867534161
4;165;0;26.70000076;0;2;10;5.828946114
4;166;0;26.70000076;0;2;24;6.234410763
4;167;2;26.70000076;0;2;68;2.995732069
4;168;0;26.70000076;0;3;25;7.615790844
4;169;5;26.70000076;0;2;163;6.131226063
4;170;1;26.70000076;0;4;40;4.867534161
4;171;8;26.70000076;1;2;257;6.01615715
4;172;8;26.70000076;1;2;258;4.248495102
4;173;1;26.70000076;0;3;42;5.075173855
4;174;0;26.70000076;0;3;14;6.768493176
4;175;0;26.70000076;0;3;20;3.688879013
4;176;5;26.70000076;1;2;172;5.991465092
4;177;0;26.70000076;0;3;18;4.867534161
4;178;0;26.70000076;1;3;27;6.606649876
4;179;0;26.70000076;1;4;19;4.867534161
4;180;0;26.70000076;1;3;20;3.912023067
4;181;0;26.70000076;1;3;15;3.688879013
4;182;3;26.70000076;1;2;96;2.995732069
4;183;0;26.70000076;0;3;20;3.401196957
4;184;1;26.70000076;1;3;30;5.966146946
4;185;1;26.70000076;1;4;41;5.347107887
4;186;0;26.70000076;1;3;26;4.382027149
4;187;1;26.70000076;1;2;37;3.401196957
4;188;1;26.70000076;1;4;34;4.941641808
4;189;0;26.70000076;1;2;18;4.248495102
4;190;0;26.70000076;1;3;23;3.688879013
4;191;0;26.70000076;1;2;19;3.401196957
4;192;1;26.70000076;1;2;30;3.688879013
4;193;0;26.70000076;1;2;15;5.247024059
4;194;0;26.70000076;1;4;19;4.499810219
4;195;0;26.70000076;1;4;15;5.768321037
4;196;1;26.70000076;0;2;35;5.940170765
4;197;0;26.70000076;0;2;13;3.688879013
4;198;0;26.70000076;1;1;25;3.401196957
4;199;1;26.70000076;1;4;36;4.094345093
4;200;1;26.70000076;1;4;38;5.52146101
4;201;4;26.70000076;1;2;130;6.476972103
4;202;3;26.70000076;1;2;115;3.401196957
5;203;1;45.59999847;0;2;27;5.886104107
5;204;0;45.59999847;0;3;21;5.298316956
5;205;1;45.59999847;0;4;39;2.302584887
5;206;3;45.59999847;0;2;96;6.253829002
5;207;1;45.59999847;0;3;30;4.700479984
5;208;4;45.59999847;0;2;133;6.522092819
5;209;0;45.59999847;0;4;11;4.094345093
5;210;4;45.59999847;0;2;149;5.010634899
5;211;0;45.59999847;0;3;27;5.480638981
5;212;0;45.59999847;0;3;29;5.634789944
5;213;1;45.59999847;0;1;34;5.886104107
5;214;0;45.59999847;0;3;11;3.688879013
5;215;0;45.59999847;0;4;12;4.499810219
5;216;0;45.59999847;0;4;28;2.995732069
5;217;4;45.59999847;1;2;126;3.401196957
5;218;3;45.59999847;0;2;99;5.991465092
5;219;0;45.59999847;0;1;24;5.480638981
5;220;0;45.59999847;0;4;21;5.52146101
5;221;0;45.59999847;0;1;20;4.605169773
5;222;0;45.59999847;0;3;28;6.291569233
5;223;1;45.59999847;0;3;36;2.995732069
5;224;2;45.59999847;0;2;75;5.347107887
5;225;1;45.59999847;0;1;33;3.401196957
5;226;0;45.59999847;0;3;22;6.593045235
5;227;2;45.59999847;0;2;69;4.787491798
5;228;0;45.59999847;0;4;15;5.135797977
5;229;8;45.59999847;1;2;245;4.382027149
5;230;5;45.59999847;1;2;173;4.248495102
5;231;0;45.59999847;0;1;18;4.094345093
5;232;0;45.59999847;0;4;29;5.075173855
5;233;1;45.59999847;1;3;33;3.912023067
5;234;0;45.59999847;0;3;21;6.993933201
5;235;5;45.59999847;1;2;165;4.499810219
5;236;5;45.59999847;1;2;178;3.912023067
5;237;5;45.59999847;1;2;152;6.536692142
5;238;3;45.59999847;1;2;90;4.867534161
5;239;4;45.59999847;1;2;121;4.094345093
5;240;7;45.59999847;1;2;216;4.867534161
5;241;0;45.59999847;0;4;18;5.075173855
5;242;4;45.59999847;1;2;133;6.194405079
5;243;0;45.59999847;1;4;25;2.995732069
5;244;1;45.59999847;1;4;35;4.094345093
5;245;3;45.59999847;1;2;103;2.995732069
5;246;0;45.59999847;1;4;18;3.688879013
5;247;0;45.59999847;1;4;26;2.995732069
5;248;0;45.59999847;1;4;21;2.995732069
5;249;1;45.59999847;1;4;31;3.401196957
5;250;1;45.59999847;1;3;34;3.688879013
5;251;0;45.59999847;1;4;12;3.401196957
5;252;0;45.59999847;1;1;12;3.912023067
5;253;0;45.59999847;1;4;24;2.302584887
5;254;0;45.59999847;1;3;10;2.995732069
5;255;0;45.59999847;1;4;22;3.688879013
5;256;1;45.59999847;1;1;44;3.912023067
5;257;0;45.59999847;1;4;20;2.302584887
5;258;0;45.59999847;1;4;21;2.302584887
5;259;1;45.59999847;1;4;37;2.302584887
5;260;0;45.59999847;1;1;14;4.941641808
5;261;0;45.59999847;1;1;24;4.094345093
6;262;0;84;0;1;10;6.086774826
6;263;1;84;0;1;37;2.995732069
6;264;5;84;0;3;157;5.135797977
6;265;1;84;0;3;34;5.59842205
6;266;1;84;0;4;36;6.937314034
6;267;0;84;0;1;20;8.221479416
6;268;6;84;0;2;193;5.135797977
6;269;3;84;1;4;110;7.915712833
6;270;6;84;0;3;184;8.448913574
6;271;1;84;0;1;33;5.59842205
6;272;0;84;0;3;14;5.634789944
6;273;0;84;0;4;19;4.605169773
6;274;0;84;0;3;18;4.248495102
6;275;8;84;0;2;253;4.867534161
6;276;6;84;0;3;204;7.313220024
6;277;0;84;0;2;27;4.941641808
6;278;4;84;0;3;146;8.116716385
6;279;8;84;0;2;247;6.593045235
6;280;8;84;0;2;256;6.927557945
6;281;0;84;0;4;23;5.192956924
6;282;0;84;0;2;22;7.098375797
6;283;1;84;0;1;37;4.248495102
6;284;3;84;0;2;113;8.44462204
6;285;0;84;0;2;16;6.659294128
6;286;2;84;0;3;84;6.709303856
6;287;0;84;0;1;21;8.070905685
6;288;0;84;0;3;17;6.291569233
6;289;1;84;0;3;36;2.995732069
6;290;1;84;1;2;31;6.309917927
6;291;1;84;0;3;30;4.094345093
6;292;0;84;0;3;17;4.094345093
6;293;1;84;0;4;34;6.476972103
6;294;2;84;0;3;75;6.907754898
6;295;2;84;0;3;82;8.048788071
6;296;6;84;1;3;197;8.431634903
6;297;1;84;0;1;30;6.492239952
6;298;1;84;0;1;37;6.345635891
6;299;7;84;1;3;215;6.131226063
6;300;3;84;1;3;94;4.605169773
6;301;1;84;1;3;36;4.382027149
6;302;5;84;1;3;177;7.047516823
6;303;4;84;0;3;147;7.727534771
6;304;2;84;1;3;87;3.688879013
6;305;1;84;1;3;30;3.688879013
6;306;0;84;1;3;23;5.52146101
6;307;1;84;0;3;57;4.605169773
6;308;1;84;1;4;35;3.688879013
6;309;2;84;1;3;64;4.941641808
6;310;1;84;1;3;51;3.912023067
6;311;1;84;1;3;35;3.688879013
6;312;4;84;1;3;135;7.402451992
6;313;1;84;1;1;33;4.094345093
6;314;1;84;0;3;35;6.46146822
6;315;1;84;0;4;31;3.401196957
6;316;1;84;1;3;35;4.248495102
6;317;1;84;1;3;31;7.682481766
6;318;0;84;1;3;20;3.688879013
6;319;1;84;0;4;31;3.688879013
6;320;0;84;1;4;18;6.214608192
6;321;0;84;1;3;27;2.995732069
6;322;1;84;1;3;34;4.499810219
6;323;0;84;1;2;11;4.094345093
6;324;1;84;1;2;35;4.094345093
6;325;4;84;0;2;130;6.01615715
6;326;3;84;0;2;102;6.109248161
6;327;1;84;0;1;40;3.912023067
6;328;0;84;0;3;14;7.047516823
6;329;5;84;0;2;175;7.021083832
6;330;7;84;1;2;212;5.347107887
6;331;3;84;0;3;103;4.787491798
6;332;0;84;0;3;23;6.086774826
6;333;0;84;0;1;24;5.298316956
6;334;0;84;0;4;16;6.109248161
6;335;6;84;0;2;196;7.383988857
6;336;5;84;0;3;166;6.522092819
6;337;5;84;0;3;166;5.703782082
6;338;1;84;0;2;40;7.723120213
6;339;1;84;0;3;30;4.248495102
6;340;2;84;0;2;78;7.495542049
6;341;0;84;0;1;25;4.787491798
6;342;5;84;0;3;157;5.347107887
6;343;4;84;0;3;139;7.47873497
6;344;0;84;0;2;23;6.897705078
6;345;0;84;0;3;14;7.580699921
6;346;0;84;0;2;23;6.345635891
7;347;6;37.40000153;1;3;205;4.382027149
7;348;7;37.40000153;1;3;218;4.941641808
7;349;0;37.40000153;0;4;25;2.995732069
7;350;0;37.40000153;0;3;12;4.094345093
7;351;0;37.40000153;0;4;24;2.302584887
7;352;5;37.40000153;1;3;161;5.669880867
7;353;0;37.40000153;1;3;21;4.499810219
7;354;1;37.40000153;1;3;47;2.302584887
7;355;6;37.40000153;0;3;190;5.347107887
7;356;0;37.40000153;0;1;16;2.302584887
7;357;2;37.40000153;0;3;78;3.401196957
7;358;6;37.40000153;0;2;189;6.272877216
7;359;1;37.40000153;0;2;39;4.787491798
7;360;1;37.40000153;0;1;40;2.302584887
7;361;0;37.40000153;0;2;19;4.094345093
7;362;0;37.40000153;0;3;10;3.401196957
7;363;4;37.40000153;0;3;137;6.522092819
7;364;0;37.40000153;0;3;14;6.672032833
7;365;1;37.40000153;0;1;32;2.302584887
7;366;2;37.40000153;0;3;84;2.302584887
7;367;0;37.40000153;0;3;29;2.995732069
7;368;8;37.40000153;0;2;262;5.56068182
7;369;0;37.40000153;0;3;29;3.688879013
7;370;6;37.40000153;0;2;188;4.248495102
7;371;0;37.40000153;0;3;26;3.401196957
7;372;2;37.40000153;0;3;85;2.302584887
7;373;1;37.40000153;0;2;42;4.700479984
7;374;1;37.40000153;0;4;32;2.302584887
7;375;0;37.40000153;0;3;19;2.995732069
7;376;0;37.40000153;0;1;21;2.995732069
7;377;0;37.40000153;0;4;26;3.688879013
7;378;5;37.40000153;1;2;156;4.867534161
7;379;7;37.40000153;1;2;221;4.248495102
7;380;3;37.40000153;1;2;117;4.094345093
7;381;6;37.40000153;1;3;208;3.401196957
7;382;4;37.40000153;1;3;147;4.248495102
7;383;0;37.40000153;1;4;26;2.302584887
7;384;1;37.40000153;1;4;32;2.995732069
7;385;1;37.40000153;1;4;31;2.302584887
7;386;0;37.40000153;1;4;18;4.094345093
7;387;1;37.40000153;1;1;39;3.688879013
7;388;1;37.40000153;1;1;36;3.401196957
7;389;1;37.40000153;1;1;38;2.995732069
8;390;0;35.09999847;0;3;15;2.302584887
8;391;1;35.09999847;0;3;31;3.688879013
8;392;0;35.09999847;0;3;21;2.302584887
8;393;0;35.09999847;0;3;22;2.302584887
8;394;3;35.09999847;0;2;102;3.688879013
8;395;5;35.09999847;0;2;179;4.248495102
8;396;1;35.09999847;0;3;34;6.086774826
8;397;6;35.09999847;0;3;180;5.634789944
8;398;0;35.09999847;0;4;10;5.966146946
8;399;1;35.09999847;0;3;30;4.867534161
8;400;0;35.09999847;0;1;19;3.912023067
8;401;4;35.09999847;0;3;129;5.480638981
8;402;0;35.09999847;0;1;22;5.39362812
8;403;0;35.09999847;0;1;28;5.298316956
8;404;0;35.09999847;0;1;28;6.086774826
8;405;1;35.09999847;0;3;30;2.302584887
8;406;1;35.09999847;0;1;43;3.401196957
8;407;1;35.09999847;0;3;31;4.248495102
8;408;0;35.09999847;0;2;18;2.302584887
8;409;1;35.09999847;0;1;40;3.401196957
8;410;8;35.09999847;1;2;253;4.382027149
8;411;0;35.09999847;0;3;28;4.499810219
8;412;0;35.09999847;0;4;15;3.688879013
8;413;5;35.09999847;1;3;153;3.401196957
8;414;0;35.09999847;0;4;17;4.700479984
8;415;1;35.09999847;1;3;45;6.756931782
8;416;0;35.09999847;0;1;28;5.39362812
8;417;5;35.09999847;1;3;172;4.248495102
8;418;1;35.09999847;1;2;35;2.302584887
8;419;2;35.09999847;1;3;85;4.094345093
8;420;2;35.09999847;0;3;78;2.302584887
8;421;0;35.09999847;0;3;18;3.401196957
8;422;1;35.09999847;1;3;33;2.302584887
8;423;1;35.09999847;1;3;41;4.248495102
8;424;1;35.09999847;1;4;34;5.886104107
8;425;0;35.09999847;1;3;23;3.688879013
8;426;0;35.09999847;1;3;24;3.401196957
8;427;0;35.09999847;0;3;15;4.094345093
8;428;0;35.09999847;1;3;12;3.912023067
8;429;0;35.09999847;1;4;20;2.995732069
8;430;1;35.09999847;1;1;30;5.886104107
8;431;1;35.09999847;1;2;34;3.688879013
8;432;0;35.09999847;1;1;23;2.302584887
8;433;1;35.09999847;1;2;39;4.700479984
8;434;0;35.09999847;1;2;26;5.634789944
8;435;0;35.09999847;1;3;21;3.912023067
9;436;0;47.40000153;0;2;28;7.860185146
9;437;0;47.40000153;0;1;17;4.976734161
9;438;0;47.40000153;1;4;12;3.610918045
9;439;1;47.40000153;1;4;36;3.496507883
9;440;0;47.40000153;1;4;18;4.07753706
9;441;0;47.40000153;1;4;18;3.871201038
9;442;2;47.40000153;0;2;60;5.958425045
9;443;6;47.40000153;0;2;203;6.129049778
9;444;0;47.40000153;0;1;24;3.951244116
9;445;0;47.40000153;0;3;28;5.826000214
9;446;1;47.40000153;0;4;33;5.713733196
9;447;3;47.40000153;0;3;94;5.934894085
9;448;0;47.40000153;0;3;21;5.370637894
9;449;1;47.40000153;0;4;34;4.043050766
9;450;0;47.40000153;0;1;18;4.890348911
9;451;6;47.40000153;0;3;202;5.283204079
9;452;6;47.40000153;0;2;180;5.446736813
9;453;7;47.40000153;0;3;236;5.771440983
9;454;0;47.40000153;0;3;14;5.198496819
9;455;1;47.40000153;0;4;34;5.123963833
9;456;5;47.40000153;1;2;155;6.566671848
9;457;3;47.40000153;0;2;100;4.812183857
9;458;0;47.40000153;0;1;22;3.871201038
9;459;4;47.40000153;0;3;123;5.948034763
9;460;1;47.40000153;0;1;33;5.416100025
9;461;1;47.40000153;0;1;43;5.332718849
9;462;5;47.40000153;1;2;161;5.313206196
9;463;5;47.40000153;1;2;152;4.189654827
9;464;0;47.40000153;0;4;23;2.944438934
9;465;6;47.40000153;1;2;200;6.131226063
9;466;1;47.40000153;0;1;30;3.555347919
9;467;4;47.40000153;1;3;126;5.187386036
9;468;0;47.40000153;0;1;22;7.467942238
9;469;0;47.40000153;1;1;29;5.883321762
9;470;1;47.40000153;0;2;31;5.117993832
9;471;1;47.40000153;1;2;35;7.869401932
9;472;1;47.40000153;1;1;41;5.081404209
9;473;0;47.40000153;1;4;18;5.170484066
9;474;0;47.40000153;1;4;14;4.454347134
9;475;0;47.40000153;1;3;27;4.634728909
9;476;1;47.40000153;1;3;51;2.833213091
9;477;0;47.40000153;1;4;10;4.736197948
9;478;1;47.40000153;0;3;38;4.488636017
9;479;0;47.40000153;1;4;11;6.361301899
9;480;0;47.40000153;1;4;14;3.850147963
9;481;1;47.40000153;1;4;35;6.356108189
9;482;0;47.40000153;1;1;26;3.784189939
9;483;1;47.40000153;1;2;31;3.891819954
9;484;1;47.40000153;1;2;32;3.663562059
9;485;0;47.40000153;1;1;27;5.21493578
9;486;0;47.40000153;1;4;14;4.025352001
9;487;1;47.40000153;1;2;30;5.472270966
9;488;7;47.40000153;0;2;233;5.59842205
9;489;3;47.40000153;0;2;112;4.204692841
9;490;2;47.40000153;0;2;70;4.762174129
9;491;7;47.40000153;1;2;236;7.950150013
9;492;6;47.40000153;1;2;199;4.564348221
9;493;5;47.40000153;1;2;156;5.50938797
9;494;0;47.40000153;1;3;10;5.327876091
9;495;0;47.40000153;1;2;16;4.634728909
9;496;4;47.40000153;1;2;123;7.24136591
9;497;0;47.40000153;0;1;20;4.110874176
9;498;0;47.40000153;0;1;21;4.955827236
10;499;8;28.39999962;0;2;253;5.39362812
10;500;1;28.39999962;0;4;45;3.912023067
10;501;1;28.39999962;0;4;33;6.565265179
10;502;9;28.39999962;0;2;271;7.251345158
10;503;1;28.39999962;0;2;38;5.940170765
10;504;3;28.39999962;0;3;97;5.703782082
10;505;2;28.39999962;0;2;76;7.682481766
10;506;0;28.39999962;0;3;10;3.912023067
10;507;1;28.39999962;0;4;36;4.605169773
10;508;2;28.39999962;0;3;86;4.382027149
10;509;3;28.39999962;0;2;92;4.382027149
10;510;2;28.39999962;0;2;61;5.768321037
10;511;3;28.39999962;0;3;93;6.253829002
10;512;0;28.39999962;0;2;10;5.010634899
10;513;2;28.39999962;0;2;77;4.382027149
10;514;4;28.39999962;0;2;133;5.59842205
10;515;0;28.39999962;0;4;26;5.56068182
10;516;1;28.39999962;0;4;31;6.194405079
10;517;1;28.39999962;0;1;36;2.995732069
10;518;1;28.39999962;0;4;44;6.04025507
10;519;1;28.39999962;0;1;37;2.995732069
10;520;1;28.39999962;0;1;34;4.382027149
10;521;6;28.39999962;1;2;188;4.605169773
10;522;0;28.39999962;0;4;25;5.43807888
10;523;0;28.39999962;0;1;18;4.499810219
10;524;0;28.39999962;1;3;27;3.688879013
10;525;0;28.39999962;0;1;22;4.787491798
10;526;0;28.39999962;1;4;15;3.401196957
10;527;0;28.39999962;1;4;28;2.995732069
10;528;0;28.39999962;1;4;14;6.659294128
10;529;1;28.39999962;1;1;30;2.302584887
10;530;0;28.39999962;1;4;18;5.075173855
10;531;1;28.39999962;1;1;46;2.995732069
10;532;1;28.39999962;1;1;34;4.941641808
10;533;1;28.39999962;1;1;32;3.401196957
10;534;1;28.39999962;1;2;36;3.401196957
10;535;3;28.39999962;0;2;98;5.703782082
11;536;1;49.59999847;0;2;37;4.094345093
11;537;1;49.59999847;0;2;44;6.507277966
11;538;0;49.59999847;1;1;18;3.688879013
11;539;0;49.59999847;1;1;19;4.382027149
11;540;1;49.59999847;1;2;35;4.700479984
11;541;0;49.59999847;1;1;18;3.401196957
11;542;3;49.59999847;0;2;95;6.214608192
11;543;6;49.59999847;0;2;206;4.248495102
11;544;0;49.59999847;0;3;14;6.413458824
11;545;1;49.59999847;0;3;40;8.474286079
11;546;1;49.59999847;0;3;40;7.056175232
11;547;0;49.59999847;0;2;23;6.72142601
11;548;1;49.59999847;0;1;35;7.66387701
11;549;0;49.59999847;0;3;14;6.01615715
11;550;0;49.59999847;0;4;20;6.01615715
11;551;1;49.59999847;0;4;47;3.401196957
11;552;0;49.59999847;0;3;15;7.114768982
11;553;0;49.59999847;0;3;21;3.912023067
11;554;0;49.59999847;0;4;17;6.194405079
11;555;8;49.59999847;0;2;243;5.634789944
11;556;1;49.59999847;0;3;42;5.192956924
11;557;6;49.59999847;0;2;207;6.946976185
11;558;1;49.59999847;0;3;37;6.413458824
11;559;4;49.59999847;0;2;148;4.248495102
11;560;1;49.59999847;0;2;38;6.659294128
11;561;2;49.59999847;0;2;60;6.291569233
11;562;0;49.59999847;0;1;16;5.298316956
11;563;0;49.59999847;0;3;14;6.620072842
11;564;8;49.59999847;0;2;259;7.955073833
11;565;0;49.59999847;0;3;24;4.248495102
11;566;3;49.59999847;0;2;114;5.669880867
11;567;3;49.59999847;0;2;106;6.309917927
11;568;0;49.59999847;0;2;23;5.010634899
11;569;0;49.59999847;0;1;10;5.075173855
11;570;1;49.59999847;0;2;35;5.703782082
11;571;2;49.59999847;0;2;68;6.429718971
11;572;2;49.59999847;0;2;70;6.507277966
11;573;7;49.59999847;1;2;225;5.247024059
11;574;1;49.59999847;0;2;33;5.247024059
11;575;0;49.59999847;0;1;15;3.401196957
11;576;0;49.59999847;0;2;21;4.605169773
11;577;7;49.59999847;1;2;224;7.644918919
11;578;1;49.59999847;0;3;37;5.075173855
11;579;0;49.59999847;0;2;24;5.857933044
11;580;1;49.59999847;0;3;46;4.094345093
11;581;1;49.59999847;0;3;34;4.867534161
11;582;8;49.59999847;1;2;242;6.633317947
11;583;5;49.59999847;1;2;153;5.991465092
11;584;0;49.59999847;0;3;26;3.401196957
11;585;0;49.59999847;0;3;12;2.995732069
11;586;1;49.59999847;1;2;47;4.867534161
11;587;5;49.59999847;1;2;168;3.912023067
11;588;1;49.59999847;0;1;32;2.302584887
11;589;2;49.59999847;1;2;73;4.867534161
11;590;0;49.59999847;1;2;15;5.52146101
11;591;2;49.59999847;0;2;78;4.499810219
11;592;2;49.59999847;1;2;71;3.912023067
11;593;2;49.59999847;0;2;78;3.401196957
11;594;2;49.59999847;0;2;70;2.302584887
11;595;1;49.59999847;1;1;53;3.688879013
11;596;0;49.59999847;1;3;12;3.401196957
11;597;0;49.59999847;1;2;19;4.094345093
11;598;0;49.59999847;1;2;12;6.476972103
11;599;0;49.59999847;1;3;17;2.995732069
11;600;0;49.59999847;1;4;20;3.688879013
11;601;1;49.59999847;1;4;33;2.995732069
11;602;0;49.59999847;1;1;25;4.248495102
11;603;0;49.59999847;1;2;18;3.688879013
11;604;0;49.59999847;1;2;13;2.995732069
11;605;0;49.59999847;1;2;22;2.995732069
11;606;0;49.59999847;1;2;15;2.302584887
11;607;0;49.59999847;1;2;18;2.995732069
11;608;0;49.59999847;1;2;12;2.302584887
11;609;0;49.59999847;1;2;18;3.912023067
11;610;0;49.59999847;1;2;16;3.401196957
12;611;3;77;0;2;116;6.109248161
12;612;1;77;0;3;31;6.131226063
12;613;1;77;0;2;31;6.927557945
12;614;0;77;0;2;15;6.131226063
12;615;1;77;0;2;31;6.194405079
12;616;7;77;0;2;226;7.02997303
12;617;0;77;0;4;21;6.291569233
12;618;1;77;0;1;35;6.684611797
12;619;3;77;0;3;116;6.684611797
12;620;0;77;0;2;16;6.214608192
12;621;1;77;0;2;31;6.413458824
12;622;0;77;0;4;20;5.91350317
12;623;0;77;0;4;17;5.39362812
12;624;0;77;0;3;19;3.401196957
12;625;0;77;0;4;21;5.768321037
12;626;1;77;0;2;56;6.327937126
12;627;5;77;0;2;164;6.536692142
12;628;0;77;0;4;15;8.973350525
12;629;3;77;0;3;111;6.927557945
12;630;3;77;0;2;117;4.248495102
12;631;1;77;0;3;44;3.688879013
12;632;0;77;0;1;18;4.094345093
12;633;8;77;0;2;252;6.173786163
12;634;5;77;0;2;176;5.135797977
12;635;6;77;0;3;204;6.363028049
12;636;1;77;0;2;39;4.248495102
12;637;7;77;0;2;215;4.248495102
12;638;6;77;0;2;207;4.094345093
12;639;0;77;0;3;23;2.995732069
12;640;1;77;0;4;31;3.688879013
12;641;1;77;0;2;31;6.086774826
12;642;9;77;1;3;274;6.131226063
12;643;3;77;0;3;100;6.345635891
12;644;0;77;0;2;18;6.214608192
12;645;0;77;0;3;18;2.995732069
12;646;1;77;0;3;49;6.345635891
12;647;6;77;1;3;188;5.669880867
12;648;1;77;0;4;32;5.010634899
12;649;0;77;0;2;23;6.234410763
12;650;1;77;0;3;36;4.605169773
12;651;2;77;0;3;89;6.956544876
12;652;0;77;0;3;29;7.580699921
12;653;1;77;0;4;31;5.135797977
12;654;0;77;0;4;10;6.04025507
12;655;5;77;1;2;170;6.445720196
12;656;0;77;0;4;24;5.857933044
12;657;6;77;1;2;200;3.912023067
12;658;5;77;1;3;151;5.010634899
12;659;1;77;0;4;31;5.39362812
12;660;1;77;0;1;48;3.912023067
12;661;0;77;0;1;13;3.688879013
12;662;5;77;1;3;174;4.700479984
12;663;0;77;0;4;21;7.982758045
12;664;1;77;1;3;56;7.081708908
12;665;3;77;1;3;96;4.787491798
12;666;1;77;0;4;32;5.43807888
12;667;5;77;1;3;161;4.700479984
12;668;5;77;1;3;160;5.39362812
12;669;3;77;1;3;104;5.43807888
12;670;3;77;1;3;105;5.075173855
12;671;3;77;0;3;90;3.401196957
12;672;0;77;1;3;13;2.995732069
12;673;0;77;1;3;25;4.094345093
12;674;2;77;1;3;82;5.247024059
12;675;0;77;1;3;17;3.688879013
12;676;0;77;0;3;19;4.094345093
12;677;0;77;1;1;21;3.688879013
12;678;1;77;1;1;36;4.248495102
12;679;0;77;1;4;19;3.688879013
12;680;0;77;1;1;18;4.094345093
12;681;1;77;1;2;35;4.248495102
12;682;0;77;1;1;24;3.688879013
12;683;0;77;1;1;21;4.382027149
12;684;0;77;1;1;21;3.688879013
12;685;0;77;1;1;21;4.382027149
12;686;1;77;0;3;40;6.01615715
12;687;0;77;1;1;27;3.688879013
13;688;3;28.89999962;0;2;111;5.480638981
13;689;4;28.89999962;0;3;146;6.194405079
13;690;0;28.89999962;0;1;19;7.003065109
13;691;1;28.89999962;0;1;43;5.52146101
13;692;1;28.89999962;0;3;35;5.075173855
13;693;6;28.89999962;0;3;196;3.688879013
13;694;0;28.89999962;0;1;28;4.094345093
13;695;3;28.89999962;0;2;90;5.703782082
13;696;2;28.89999962;0;2;88;4.382027149
13;697;0;28.89999962;0;3;25;2.302584887
13;698;0;28.89999962;0;4;14;2.995732069
13;699;1;28.89999962;0;1;38;4.700479984
13;700;0;28.89999962;0;3;12;4.605169773
13;701;0;28.89999962;0;4;18;6.802394867
13;702;0;28.89999962;0;4;23;2.995732069
13;703;0;28.89999962;0;2;16;4.094345093
13;704;0;28.89999962;0;3;26;5.135797977
13;705;8;28.89999962;1;2;249;5.135797977
13;706;8;28.89999962;1;3;266;5.247024059
13;707;0;28.89999962;0;3;12;4.941641808
13;708;0;28.89999962;0;4;16;5.075173855
13;709;0;28.89999962;0;4;21;5.52146101
13;710;1;28.89999962;0;3;36;5.768321037
13;711;1;28.89999962;0;1;33;4.941641808
13;712;0;28.89999962;0;1;10;2.302584887
13;713;1;28.89999962;1;4;31;5.075173855
13;714;0;28.89999962;0;3;28;4.867534161
13;715;0;28.89999962;1;4;18;5.247024059
13;716;0;28.89999962;1;3;11;4.248495102
13;717;1;28.89999962;1;1;46;3.401196957
13;718;1;28.89999962;1;1;41;2.302584887
13;719;1;28.89999962;1;1;42;5.192956924
13;720;1;28.89999962;1;1;47;6.72142601
13;721;1;28.89999962;1;2;34;2.302584887
13;722;0;28.89999962;1;1;14;2.995732069
14;723;3;83.09999847;0;3;104;5.59842205
14;724;3;83.09999847;1;3;101;4.605169773
14;725;0;83.09999847;1;3;17;3.401196957
14;726;0;83.09999847;1;3;19;4.605169773
14;727;0;83.09999847;1;4;26;4.094345093
14;728;1;83.09999847;0;2;51;4.941641808
14;729;1;83.09999847;0;2;34;5.886104107
14;730;2;83.09999847;0;3;71;3.912023067
14;731;0;83.09999847;0;3;29;8.31385231
14;732;6;83.09999847;0;2;190;5.56068182
14;733;0;83.09999847;0;2;13;5.768321037
14;734;0;83.09999847;0;1;21;6.291569233
14;735;3;83.09999847;0;2;91;6.309917927
14;736;4;83.09999847;0;3;134;5.56068182
14;737;3;83.09999847;0;3;91;7.47873497
14;738;1;83.09999847;0;3;46;6.327937126
14;739;1;83.09999847;0;2;33;6.01615715
14;740;0;83.09999847;0;4;21;6.291569233
14;741;8;83.09999847;0;3;241;5.39362812
14;742;2;83.09999847;0;2;76;4.605169773
14;743;1;83.09999847;0;3;33;7.138866901
14;744;3;83.09999847;0;3;102;6.684611797
14;745;0;83.09999847;0;3;21;4.382027149
14;746;0;83.09999847;0;1;21;4.382027149
14;747;7;83.09999847;0;3;229;5.347107887
14;748;1;83.09999847;0;3;34;4.499810219
14;749;1;83.09999847;0;3;40;6.633317947
14;750;0;83.09999847;0;3;20;8.199739456
14;751;1;83.09999847;0;2;41;5.634789944
14;752;1;83.09999847;0;3;33;2.995732069
14;753;8;83.09999847;0;2;261;4.499810219
14;754;2;83.09999847;0;2;76;5.91350317
14;755;0;83.09999847;0;4;23;5.075173855
14;756;3;83.09999847;0;3;108;3.688879013
14;757;1;83.09999847;0;3;45;5.298316956
14;758;3;83.09999847;0;3;114;5.768321037
14;759;1;83.09999847;0;3;34;5.634789944
14;760;3;83.09999847;0;3;102;3.688879013
14;761;1;83.09999847;0;3;30;5.43807888
14;762;0;83.09999847;0;2;14;4.605169773
14;763;3;83.09999847;0;3;92;3.401196957
14;764;0;83.09999847;0;3;20;5.347107887
14;765;1;83.09999847;0;1;35;4.248495102
14;766;0;83.09999847;0;3;29;2.302584887
14;767;1;83.09999847;0;3;37;4.382027149
14;768;1;83.09999847;0;1;35;4.382027149
14;769;2;83.09999847;1;3;74;3.688879013
14;770;0;83.09999847;0;3;25;6.234410763
14;771;2;83.09999847;1;3;72;2.995732069
14;772;7;83.09999847;1;3;228;5.768321037
14;773;5;83.09999847;1;2;171;4.382027149
14;774;7;83.09999847;1;3;225;6.327937126
14;775;6;83.09999847;1;3;198;5.79909277
14;776;0;83.09999847;0;4;21;4.605169773
14;777;0;83.09999847;1;4;24;4.499810219
14;778;6;83.09999847;1;3;197;6.709303856
14;779;0;83.09999847;0;1;14;6.131226063
14;780;5;83.09999847;1;3;157;4.382027149
14;781;1;83.09999847;1;4;35;4.499810219
14;782;7;83.09999847;1;3;226;5.135797977
14;783;6;83.09999847;1;3;198;8.122668266
14;784;0;83.09999847;1;2;24;4.499810219
14;785;1;83.09999847;1;3;39;3.401196957
14;786;3;83.09999847;1;3;117;3.912023067
14;787;0;83.09999847;1;4;22;3.401196957
14;788;1;83.09999847;1;3;34;4.094345093
14;789;3;83.09999847;1;3;119;4.382027149
14;790;0;83.09999847;1;2;24;3.688879013
14;791;4;83.09999847;1;3;126;5.480638981
14;792;1;83.09999847;1;4;34;4.499810219
14;793;1;83.09999847;1;2;55;2.995732069
14;794;0;83.09999847;1;1;14;4.094345093
14;795;1;83.09999847;0;1;36;4.941641808
14;796;1;83.09999847;1;3;40;3.912023067
14;797;0;83.09999847;1;3;21;2.302584887
14;798;1;83.09999847;1;3;41;2.302584887
14;799;0;83.09999847;1;3;18;3.912023067
14;800;0;83.09999847;1;4;16;4.605169773
14;801;0;83.09999847;1;2;26;5.857933044
14;802;0;83.09999847;1;3;24;5.298316956
14;803;0;83.09999847;1;4;21;4.867534161
14;804;1;83.09999847;1;1;36;4.094345093
14;805;0;83.09999847;1;3;18;3.688879013
14;806;0;83.09999847;0;3;29;4.941641808
14;807;0;83.09999847;1;3;17;5.768321037
14;808;0;83.09999847;1;4;18;4.094345093
14;809;0;83.09999847;1;4;16;5.736571789
14;810;0;83.09999847;1;2;20;6.917706013
14;811;0;83.09999847;1;1;12;4.605169773
14;812;0;83.09999847;1;1;27;4.248495102
14;813;0;83.09999847;1;1;22;5.010634899
14;814;0;83.09999847;1;1;13;6.109248161
14;815;1;83.09999847;1;1;42;3.401196957
14;816;0;83.09999847;1;1;20;4.094345093
14;817;1;83.09999847;1;2;39;6.309917927
14;818;1;83.09999847;1;2;48;2.995732069
14;819;1;83.09999847;1;1;30;6.109248161
14;820;0;83.09999847;1;1;19;6.733401775
14;821;0;83.09999847;1;2;26;5.736571789
14;822;0;83.09999847;1;2;29;3.401196957
14;823;1;83.09999847;1;2;47;4.867534161
14;824;1;83.09999847;1;2;49;2.995732069
14;825;0;83.09999847;1;2;21;6.396930218
14;826;1;83.09999847;1;2;38;2.995732069
14;827;0;83.09999847;1;2;12;4.248495102
15;828;0;61;0;3;26;5.583496094
15;829;1;61;0;2;36;3.178054094
15;830;6;61;0;2;194;3.178054094
15;831;1;61;0;1;37;6.421621799
15;832;0;61;0;1;17;5.641907215
15;833;2;61;0;2;89;2.772588968
15;834;2;61;0;2;85;4.744932175
15;835;1;61;0;3;36;4.465908051
15;836;1;61;0;2;55;4.110874176
15;837;2;61;0;3;67;4.812183857
15;838;6;61;0;3;183;5.099865913
15;839;0;61;0;3;12;5.332718849
15;840;2;61;0;2;71;2.833213091
15;841;0;61;0;2;24;4.394449234
15;842;5;61;0;3;170;3.988984108
15;843;7;61;0;3;216;4.454347134
15;844;4;61;0;3;143;4.605169773
15;845;1;61;0;4;35;8.257125854
15;846;0;61;0;3;10;5.99893713
15;847;1;61;0;3;31;7.57865715
15;848;5;61;0;2;175;8.598035812
15;849;1;61;0;4;35;3.218875885
15;850;1;61;0;3;31;4.382027149
15;851;6;61;0;3;184;4.983606815
15;852;7;61;0;2;215;2.890372038
15;853;4;61;0;3;135;3.828640938
15;854;1;61;0;2;53;7.104144096
15;855;0;61;0;1;24;5.783824921
15;856;7;61;1;2;223;3.784189939
15;857;0;61;0;3;22;3.850147963
15;858;4;61;0;3;146;3.970292091
15;859;5;61;1;2;172;3.828640938
15;860;6;61;0;3;196;3.891819954
15;861;5;61;0;3;170;4.442650795
15;862;4;61;1;2;137;3.091042042
15;863;0;61;0;1;10;4.430817127
15;864;1;61;0;1;32;2.639056921
15;865;0;61;0;3;28;4.804020882
15;866;1;61;0;4;33;4.820281982
15;867;1;61;0;1;34;5.351858139
15;868;7;61;1;2;210;4.343804836
15;869;1;61;0;1;36;3.135493994
15;870;0;61;0;3;18;5.236442089
15;871;1;61;0;3;30;2.302584887
15;872;0;61;0;1;21;4.521789074
15;873;6;61;1;2;191;4.158883095
15;874;1;61;1;4;37;3.713572025
15;875;8;61;1;2;255;2.944438934
15;876;5;61;1;2;171;4.317488194
15;877;1;61;0;3;32;3.583518982
15;878;7;61;1;2;224;3.850147963
15;879;1;61;0;1;33;5.655992031
15;880;0;61;0;1;20;5.579730034
15;881;0;61;1;3;10;3.583518982
15;882;0;61;1;3;24;4.276666164
15;883;1;61;0;1;32;4.836281776
15;884;6;61;1;3;191;4.07753706
15;885;0;61;0;1;14;6.96224308
15;886;0;61;1;4;24;4.574710846
15;887;1;61;0;3;32;3.555347919
15;888;5;61;1;3;170;3.465735912
15;889;1;61;1;1;45;3.135493994
15;890;1;61;1;4;33;3.178054094
15;891;0;61;0;3;21;4.060442924
15;892;1;61;1;4;33;3.091042042
15;893;1;61;1;4;34;4.488636017
15;894;0;61;1;3;25;5.730100155
15;895;0;61;1;3;24;5.21493578
15;896;0;61;1;4;12;4.07753706
15;897;1;61;1;4;31;3.218875885
15;898;1;61;1;4;35;3.610918045
15;899;0;61;1;4;10;4.510859966
15;900;0;61;1;4;22;3.871201038
15;901;1;61;1;1;35;3.931826115
15;902;0;61;1;4;25;4.709529877
15;903;1;61;1;1;38;2.995732069
15;904;1;61;1;1;30;3.258096933
15;905;0;61;1;1;28;4.007332802
16;906;4;39.59999847;0;2;135;7.064758778
16;907;9;39.59999847;0;2;279;4.499810219
16;908;0;39.59999847;0;2;12;7.038784027
16;909;3;39.59999847;0;2;115;8.067775726
16;910;0;39.59999847;0;2;28;7.299797058
16;911;3;39.59999847;0;2;99;4.094345093
16;912;9;39.59999847;0;2;275;5.135797977
16;913;0;39.59999847;0;4;12;6.966023922
16;914;5;39.59999847;0;2;158;4.248495102
16;915;0;39.59999847;0;4;12;5.192956924
16;916;0;39.59999847;0;3;14;4.499810219
16;917;2;39.59999847;0;2;80;7.901007175
16;918;6;39.59999847;0;2;196;4.094345093
16;919;0;39.59999847;0;3;15;6.309917927
16;920;1;39.59999847;0;2;31;4.248495102
16;921;5;39.59999847;0;2;153;6.733401775
16;922;1;39.59999847;0;3;35;4.867534161
16;923;1;39.59999847;0;3;34;2.995732069
16;924;3;39.59999847;0;2;96;6.131226063
16;925;1;39.59999847;0;2;54;4.248495102
16;926;8;39.59999847;1;2;258;3.912023067
16;927;1;39.59999847;0;2;38;3.688879013
16;928;0;39.59999847;0;4;14;6.345635891
16;929;8;39.59999847;1;2;247;3.688879013
16;930;5;39.59999847;1;2;168;4.248495102
16;931;3;39.59999847;1;2;111;2.995732069
16;932;0;39.59999847;0;3;14;3.912023067
16;933;7;39.59999847;1;2;221;5.010634899
16;934;3;39.59999847;1;2;113;5.480638981
16;935;1;39.59999847;1;2;58;4.787491798
16;936;1;39.59999847;1;2;42;3.688879013
16;937;1;39.59999847;1;3;39;6.291569233
16;938;0;39.59999847;1;3;11;4.382027149
16;939;0;39.59999847;1;3;15;3.401196957
16;940;1;39.59999847;1;3;31;2.302584887
16;941;0;39.59999847;1;4;12;8.188689232
16;942;1;39.59999847;1;3;31;3.401196957
16;943;0;39.59999847;1;4;13;5.480638981
16;944;6;39.59999847;0;2;194;5.703782082
17;945;0;39.29999924;1;1;16;3.401196957
17;946;7;39.29999924;0;2;239;4.382027149
17;947;0;39.29999924;0;2;27;4.941641808
17;948;1;39.29999924;0;1;30;7.258411884
17;949;0;39.29999924;0;3;15;3.401196957
17;950;2;39.29999924;0;2;88;5.828946114
17;951;0;39.29999924;0;2;14;4.094345093
17;952;5;39.29999924;0;2;156;5.56068182
17;953;1;39.29999924;0;3;35;5.135797977
17;954;5;39.29999924;0;2;159;4.605169773
17;955;0;39.29999924;0;1;15;5.52146101
17;956;0;39.29999924;0;1;12;3.401196957
17;957;0;39.29999924;0;1;16;4.094345093
17;958;3;39.29999924;0;3;93;5.247024059
17;959;0;39.29999924;0;4;11;3.688879013
17;960;1;39.29999924;0;3;59;4.499810219
17;961;1;39.29999924;0;2;34;4.700479984
17;962;0;39.29999924;0;3;28;3.401196957
17;963;0;39.29999924;0;1;11;4.248495102
17;964;8;39.29999924;1;3;264;5.39362812
17;965;1;39.29999924;0;1;34;6.063785076
17;966;0;39.29999924;0;4;23;5.247024059
17;967;0;39.29999924;0;1;28;5.886104107
17;968;7;39.29999924;1;3;218;3.688879013
17;969;4;39.29999924;1;3;134;4.094345093
17;970;0;39.29999924;0;1;16;3.688879013
17;971;4;39.29999924;1;3;139;4.499810219
17;972;8;39.29999924;0;3;246;5.886104107
17;973;4;39.29999924;0;3;136;5.010634899
17;974;4;39.29999924;1;3;137;5.075173855
17;975;1;39.29999924;1;3;30;3.401196957
17;976;0;39.29999924;1;4;25;3.688879013
17;977;1;39.29999924;1;1;31;2.302584887
17;978;0;39.29999924;1;1;27;5.075173855
17;979;0;39.29999924;1;1;16;4.382027149
17;980;0;39.29999924;1;1;14;2.995732069
17;981;1;39.29999924;0;4;33;4.094345093
18;982;0;10.30000019;0;1;11;8.409607887
18;983;0;10.30000019;0;3;14;8.735525131
18;984;2;10.30000019;0;3;64;5.39362812
18;985;6;10.30000019;1;2;195;4.382027149
18;986;0;10.30000019;0;1;13;5.940170765
18;987;7;10.30000019;1;2;226;5.43807888
18;988;1;10.30000019;0;1;39;6.04025507
18;989;3;10.30000019;0;3;90;5.59842205
18;990;0;10.30000019;1;3;23;5.52146101
18;991;1;10.30000019;1;3;37;2.302584887
18;992;0;10.30000019;1;3;20;7.444249153
18;993;0;10.30000019;1;2;23;4.605169773
19;994;0;36.40000153;0;4;13;4.787491798
19;995;6;36.40000153;0;2;192;4.867534161
19;996;5;36.40000153;0;3;155;5.59842205
19;997;2;36.40000153;0;2;66;3.912023067
19;998;2;36.40000153;0;2;75;4.867534161
19;999;0;36.40000153;0;4;16;7.021083832
19;1000;4;36.40000153;0;2;145;5.966146946
19;1001;2;36.40000153;0;2;73;4.499810219
19;1002;7;36.40000153;0;2;228;8.398409843
19;1003;0;36.40000153;0;3;13;5.966146946
19;1004;4;36.40000153;0;2;147;5.347107887
19;1005;6;36.40000153;0;3;202;5.736571789
19;1006;0;36.40000153;0;2;14;4.700479984
19;1007;0;36.40000153;0;1;12;6.063785076
19;1008;8;36.40000153;1;2;240;4.499810219
19;1009;0;36.40000153;0;2;21;3.688879013
19;1010;0;36.40000153;0;4;19;4.499810219
19;1011;3;36.40000153;0;3;99;3.688879013
19;1012;0;36.40000153;0;4;27;3.401196957
19;1013;0;36.40000153;0;4;16;4.499810219
19;1014;7;36.40000153;1;2;211;4.382027149
19;1015;0;36.40000153;0;1;13;2.302584887
19;1016;1;36.40000153;0;1;30;8.016318321
19;1017;6;36.40000153;1;2;198;3.912023067
19;1018;1;36.40000153;0;4;34;3.401196957
19;1019;5;36.40000153;1;2;162;3.688879013
19;1020;0;36.40000153;0;4;14;6.975413799
19;1021;1;36.40000153;0;4;33;3.912023067
19;1022;0;36.40000153;0;4;20;5.736571789
19;1023;0;36.40000153;1;4;26;3.912023067
19;1024;1;36.40000153;0;1;34;5.192956924
19;1025;7;36.40000153;1;3;223;4.248495102
19;1026;4;36.40000153;1;2;141;5.886104107
19;1027;1;36.40000153;1;1;36;3.401196957
19;1028;8;36.40000153;1;3;248;4.248495102
19;1029;1;36.40000153;1;4;31;3.401196957
19;1030;4;36.40000153;1;2;144;5.43807888
19;1031;1;36.40000153;1;1;32;3.688879013
19;1032;0;36.40000153;1;4;22;4.382027149
19;1033;1;36.40000153;1;4;41;3.912023067
19;1034;0;36.40000153;1;4;24;2.995732069
19;1035;1;36.40000153;1;4;33;3.912023067
19;1036;0;36.40000153;1;4;11;5.135797977
19;1037;1;36.40000153;1;4;31;6.131226063
19;1038;1;36.40000153;1;4;33;4.248495102
19;1039;0;36.40000153;1;4;24;2.995732069
19;1040;1;36.40000153;1;1;39;6.086774826
19;1041;0;36.40000153;1;4;19;2.995732069
19;1042;0;36.40000153;1;4;29;5.736571789
19;1043;0;36.40000153;1;4;18;5.857933044
19;1044;1;36.40000153;1;4;36;5.39362812
19;1045;1;36.40000153;1;1;39;4.094345093
19;1046;1;36.40000153;1;4;37;3.401196957
20;1047;1;40.79999924;1;4;37;4.094345093
20;1048;0;40.79999924;1;4;16;5.347107887
20;1049;0;40.79999924;1;4;10;5.723585129
20;1050;2;40.79999924;1;2;87;4.043050766
20;1051;0;40.79999924;1;1;16;3.688879013
20;1052;1;40.79999924;0;4;38;4.317488194
20;1053;0;40.79999924;1;1;16;6.070737839
20;1054;1;40.79999924;0;3;36;3.784189939
20;1055;0;40.79999924;0;3;17;5.537333965
20;1056;5;40.79999924;1;2;151;3.850147963
20;1057;3;40.79999924;0;2;109;5.043425083
20;1058;1;40.79999924;0;4;35;4.290459156
20;1059;0;40.79999924;0;2;15;6.267200947
20;1060;0;40.79999924;0;3;24;5.181784153
20;1061;1;40.79999924;0;2;47;5.840641975
20;1062;1;40.79999924;0;2;43;7.570959091
20;1063;0;40.79999924;0;1;15;5.840641975
20;1064;5;40.79999924;0;2;173;4.110874176
20;1065;6;40.79999924;0;2;193;6.918694973
20;1066;7;40.79999924;0;2;210;4.043050766
20;1067;2;40.79999924;0;2;72;5.236442089
20;1068;2;40.79999924;1;3;76;3.555347919
20;1069;0;40.79999924;1;3;29;4.976734161
20;1070;1;40.79999924;1;4;30;3.295836926
20;1071;0;40.79999924;0;3;19;4.07753706
20;1072;1;40.79999924;0;1;42;6.426487923
20;1073;1;40.79999924;0;1;44;6.797939777
20;1074;0;40.79999924;0;3;15;5.123963833
20;1075;0;40.79999924;0;3;27;5.634789944
20;1076;1;40.79999924;1;2;38;3.555347919
20;1077;0;40.79999924;1;2;17;2.397895098
20;1078;3;40.79999924;0;2;91;4.174386978
20;1079;7;40.79999924;1;2;232;6.161207199
20;1080;0;40.79999924;0;3;13;5.288267136
20;1081;7;40.79999924;1;2;232;3.784189939
20;1082;0;40.79999924;0;1;19;5.730100155
20;1083;0;40.79999924;0;1;15;7.89469099
20;1084;5;40.79999924;1;3;168;3.713572025
20;1085;4;40.79999924;0;3;144;4.356709003
20;1086;0;40.79999924;1;3;25;5.379897118
20;1087;0;40.79999924;0;4;22;6.391917229
21;1088;1;49.59999847;0;3;30;5.91350317
21;1089;0;49.59999847;0;2;24;7.056175232
21;1090;0;49.59999847;0;2;11;6.173786163
21;1091;0;49.59999847;0;4;11;2.995732069
21;1092;0;49.59999847;0;2;17;5.857933044
21;1093;2;49.59999847;0;3;75;4.248495102
21;1094;6;49.59999847;0;3;200;5.298316956
21;1095;1;49.59999847;0;3;54;4.605169773
21;1096;1;49.59999847;0;3;44;4.700479984
21;1097;3;49.59999847;1;2;96;3.688879013
21;1098;1;49.59999847;0;1;48;4.094345093
21;1099;0;49.59999847;0;3;29;2.995732069
21;1100;3;49.59999847;1;3;109;2.995732069
21;1101;7;49.59999847;1;3;211;3.912023067
21;1102;1;49.59999847;0;1;34;3.688879013
21;1103;3;49.59999847;1;2;117;4.499810219
21;1104;0;49.59999847;0;4;26;5.192956924
21;1105;1;49.59999847;1;2;33;2.995732069
21;1106;2;49.59999847;1;3;84;2.995732069
21;1107;1;49.59999847;0;3;40;2.302584887
21;1108;1;49.59999847;0;2;45;2.995732069
21;1109;0;49.59999847;1;3;18;4.094345093
21;1110;0;49.59999847;0;3;26;2.995732069
21;1111;0;49.59999847;0;3;19;2.302584887
21;1112;1;49.59999847;1;3;38;3.401196957
21;1113;0;49.59999847;1;4;18;4.605169773
21;1114;0;49.59999847;1;4;14;3.912023067
21;1115;0;49.59999847;1;4;28;4.700479984
21;1116;0;49.59999847;1;4;12;5.247024059
21;1117;0;49.59999847;1;2;12;6.173786163
21;1118;0;49.59999847;1;4;10;4.605169773
21;1119;1;49.59999847;1;1;40;7.501081944
21;1120;0;49.59999847;1;2;21;3.688879013
21;1121;1;49.59999847;1;2;31;2.995732069
21;1122;0;49.59999847;1;2;26;2.302584887
21;1123;1;49.59999847;1;3;34;4.499810219
21;1124;1;49.59999847;1;2;45;4.094345093
21;1125;1;49.59999847;1;2;36;3.688879013
21;1126;1;49.59999847;1;2;32;3.401196957
21;1127;0;49.59999847;1;3;14;3.912023067
21;1128;0;49.59999847;0;2;17;6.345635891
21;1129;1;49.59999847;0;2;57;6.309917927
21;1130;5;49.59999847;1;2;154;4.700479984
21;1131;0;49.59999847;0;3;21;6.835185051
21;1132;1;49.59999847;0;1;39;5.298316956
21;1133;0;49.59999847;0;4;16;3.912023067
21;1134;0;49.59999847;0;4;20;3.688879013
21;1135;3;49.59999847;0;3;107;2.302584887
21;1136;0;49.59999847;0;2;10;7.506591797
21;1137;1;49.59999847;0;2;59;5.298316956
21;1138;7;49.59999847;1;2;217;5.480638981
21;1139;0;49.59999847;0;4;21;2.302584887
21;1140;0;49.59999847;0;3;13;2.995732069
21;1141;1;49.59999847;0;1;30;6.109248161
21;1142;0;49.59999847;0;2;26;3.401196957
21;1143;5;49.59999847;0;2;170;6.606649876
21;1144;1;49.59999847;0;2;31;5.43807888
21;1145;9;49.59999847;0;2;282;5.480638981
21;1146;2;49.59999847;0;2;70;5.247024059
21;1147;1;49.59999847;0;2;44;2.995732069
21;1148;0;49.59999847;0;2;11;5.703782082
21;1149;6;49.59999847;1;2;191;7.038784027
21;1150;3;49.59999847;1;2;109;2.995732069
21;1151;3;49.59999847;1;2;104;4.499810219
21;1152;3;49.59999847;0;2;95;2.302584887
21;1153;0;49.59999847;1;2;29;5.857933044
21;1154;1;49.59999847;0;2;46;3.401196957
21;1155;3;49.59999847;0;2;103;5.59842205
21;1156;0;49.59999847;0;2;16;2.302584887
21;1157;0;49.59999847;0;4;18;4.700479984
21;1158;1;49.59999847;0;1;31;2.302584887
21;1159;0;49.59999847;0;1;12;5.79909277
22;1160;0;40.09999847;0;2;22;6.536692142
22;1161;6;40.09999847;0;2;194;4.700479984
22;1162;5;40.09999847;0;2;158;7.02997303
22;1163;0;40.09999847;0;3;21;8.628734589
22;1164;3;40.09999847;0;2;102;4.094345093
22;1165;2;40.09999847;0;3;85;5.52146101
22;1166;0;40.09999847;0;2;29;3.688879013
22;1167;2;40.09999847;0;3;87;4.248495102
22;1168;2;40.09999847;0;3;72;5.991465092
22;1169;0;40.09999847;0;3;24;6.345635891
22;1170;1;40.09999847;0;3;35;5.39362812
22;1171;1;40.09999847;0;3;47;4.700479984
22;1172;3;40.09999847;0;2;108;3.912023067
22;1173;1;40.09999847;0;3;34;5.135797977
22;1174;1;40.09999847;0;3;39;4.248495102
22;1175;0;40.09999847;0;3;15;5.736571789
22;1176;1;40.09999847;0;3;35;3.401196957
22;1177;0;40.09999847;0;3;17;2.995732069
22;1178;1;40.09999847;0;3;30;3.912023067
22;1179;0;40.09999847;1;3;20;3.401196957
22;1180;1;40.09999847;1;3;54;7.414573193
22;1181;0;40.09999847;1;4;22;3.401196957
22;1182;1;40.09999847;0;3;34;5.347107887
22;1183;0;40.09999847;1;3;27;3.401196957
22;1184;0;40.09999847;0;3;20;3.401196957
22;1185;0;40.09999847;1;3;22;3.401196957
22;1186;1;40.09999847;1;3;35;4.499810219
22;1187;0;40.09999847;1;3;16;2.302584887
22;1188;0;40.09999847;1;4;15;3.401196957
22;1189;0;40.09999847;1;3;22;4.941641808
22;1190;0;40.09999847;1;3;21;3.912023067
22;1191;0;40.09999847;1;3;15;2.302584887
22;1192;1;40.09999847;1;3;31;2.302584887
22;1193;0;40.09999847;1;3;21;2.995732069
22;1194;1;40.09999847;0;3;34;5.52146101
22;1195;2;40.09999847;0;2;73;6.536692142
22;1196;0;40.09999847;0;3;14;4.867534161
22;1197;0;40.09999847;0;4;12;3.401196957
22;1198;5;40.09999847;0;2;175;4.605169773
23;1199;5;49.79999924;0;2;159;7.398173809
23;1200;0;49.79999924;0;3;29;5.768321037
23;1201;6;49.79999924;0;2;196;5.826000214
23;1202;1;49.79999924;0;1;30;3.688879013
23;1203;1;49.79999924;0;4;36;5.463831902
23;1204;0;49.79999924;0;4;26;6.434546947
23;1205;5;49.79999924;0;2;171;5.948034763
23;1206;1;49.79999924;0;3;31;5.605802059
23;1207;8;49.79999924;0;2;269;5.170484066
23;1208;1;49.79999924;0;1;38;7.181591988
23;1209;0;49.79999924;0;4;11;5.267858028
23;1210;0;49.79999924;0;3;18;4.804020882
23;1211;1;49.79999924;0;4;34;4.060442924
23;1212;1;49.79999924;0;3;37;6.066108227
23;1213;7;49.79999924;0;3;215;4.430817127
23;1214;1;49.79999924;0;1;39;3.828640938
23;1215;0;49.79999924;0;4;21;5.170484066
23;1216;2;49.79999924;0;2;60;5.225747108
23;1217;5;49.79999924;0;2;177;4.174386978
23;1218;6;49.79999924;0;3;183;5.676753998
23;1219;1;49.79999924;0;3;51;3.258096933
23;1220;2;49.79999924;0;3;79;3.784189939
23;1221;4;49.79999924;0;3;144;6.480044842
23;1222;5;49.79999924;0;2;150;6.729824066
23;1223;0;49.79999924;0;1;10;5.869297028
23;1224;1;49.79999924;0;1;39;5.605802059
23;1225;0;49.79999924;0;3;13;4.262680054
23;1226;0;49.79999924;0;3;20;5.030437946
23;1227;3;49.79999924;0;3;99;5.497168064
23;1228;0;49.79999924;0;3;26;5.181784153
23;1229;0;49.79999924;0;3;23;5.579730034
23;1230;2;49.79999924;0;3;63;4.634728909
23;1231;0;49.79999924;0;3;24;4.844186783
23;1232;1;49.79999924;0;3;45;4.488636017
23;1233;0;49.79999924;0;4;24;3.806662083
23;1234;3;49.79999924;1;2;104;4.672829151
23;1235;0;49.79999924;0;4;12;4.96981287
23;1236;3;49.79999924;1;3;114;4.762174129
23;1237;2;49.79999924;1;3;78;3.951244116
23;1238;0;49.79999924;0;1;25;5.187386036
23;1239;5;49.79999924;1;2;172;4.356709003
23;1240;0;49.79999924;1;2;19;4.574710846
23;1241;0;49.79999924;1;2;12;4.143135071
23;1242;1;49.79999924;0;3;44;4.060442924
23;1243;6;49.79999924;1;3;181;4.094345093
23;1244;2;49.79999924;1;3;75;3.465735912
23;1245;2;49.79999924;1;3;73;4.488636017
23;1246;2;49.79999924;1;3;70;6.171700954
23;1247;0;49.79999924;1;3;29;5.638354778
23;1248;1;49.79999924;1;3;34;5.081404209
23;1249;1;49.79999924;1;3;40;3.433986902
23;1250;0;49.79999924;1;3;26;3.688879013
23;1251;1;49.79999924;1;3;54;5.652489185
23;1252;0;49.79999924;1;4;21;4.394449234
23;1253;0;49.79999924;1;4;21;4.465908051
23;1254;0;49.79999924;1;3;20;3.258096933
23;1255;0;49.79999924;1;4;22;5.036952972
23;1256;0;49.79999924;1;4;11;4.521789074
23;1257;0;49.79999924;1;4;23;6.89467001
23;1258;1;49.79999924;1;1;30;4.234107018
23;1259;0;49.79999924;1;2;29;4.304065228
23;1260;1;49.79999924;1;4;35;3.555347919
23;1261;1;49.79999924;1;1;34;6.259581089
23;1262;0;49.79999924;1;1;16;7.155395985
23;1263;0;49.79999924;1;1;13;5.262690067
23;1264;0;49.79999924;1;2;25;4.9272542
23;1265;1;49.79999924;1;2;46;4.174386978
24;1266;1;35.29999924;0;2;36;4.875196934
24;1267;6;35.29999924;0;2;206;6.371612072
24;1268;4;35.29999924;0;3;129;4.418840885
24;1269;1;35.29999924;0;1;35;4.997211933
24;1270;8;35.29999924;0;2;241;5.556828022
24;1271;8;35.29999924;0;2;241;5.880533218
24;1272;0;35.29999924;0;1;19;5.068903923
24;1273;1;35.29999924;0;2;57;8.567126274
24;1274;5;35.29999924;0;3;161;3.761199951
24;1275;5;35.29999924;0;3;150;4.276666164
24;1276;1;35.29999924;0;2;34;4.962844849
24;1277;0;35.29999924;0;4;29;4.007332802
24;1278;0;35.29999924;0;2;21;5.365975857
24;1279;1;35.29999924;0;2;47;3.332205057
24;1280;4;35.29999924;0;3;129;5.826000214
24;1281;0;35.29999924;0;1;18;6.167516232
24;1282;2;35.29999924;0;3;87;5.468060017
24;1283;2;35.29999924;0;2;79;3.951244116
24;1284;0;35.29999924;0;3;24;4.025352001
24;1285;1;35.29999924;0;4;36;3.637586117
24;1286;7;35.29999924;1;2;235;3.36729598
24;1287;0;35.29999924;0;4;21;4.143135071
24;1288;7;35.29999924;1;2;223;5.159055233
24;1289;0;35.29999924;0;1;15;4.653960228
24;1290;6;35.29999924;1;3;196;8.152197838
24;1291;8;35.29999924;1;3;242;4.543294907
24;1292;2;35.29999924;1;2;72;3.091042042
24;1293;0;35.29999924;0;1;29;5.983935833
24;1294;1;35.29999924;0;4;35;3.713572025
24;1295;0;35.29999924;1;3;28;3.465735912
24;1296;1;35.29999924;1;3;45;4.025352001
24;1297;1;35.29999924;1;4;34;4.553876877
24;1298;0;35.29999924;1;4;19;4.770685196
24;1299;0;35.29999924;1;4;17;3.951244116
24;1300;0;35.29999924;1;1;19;3.951244116
24;1301;1;35.29999924;0;4;31;4.369448185
24;1302;1;35.29999924;1;4;32;4.219508171
24;1303;0;35.29999924;1;4;28;3.135493994
24;1304;0;35.29999924;1;4;15;4.532598972
24;1305;0;35.29999924;1;2;29;4.454347134
24;1306;0;35.29999924;1;1;17;4.8520298
24;1307;0;35.29999924;1;2;26;4.234107018
25;1308;5;75.59999847;0;2;156;7.414573193
25;1309;1;75.59999847;0;4;30;6.291569233
25;1310;2;75.59999847;0;2;61;8.122668266
25;1311;1;75.59999847;0;4;33;4.499810219
25;1312;1;75.59999847;0;3;44;4.605169773
25;1313;1;75.59999847;0;3;41;6.04025507
25;1314;1;75.59999847;0;2;55;3.401196957
25;1315;1;75.59999847;0;2;30;4.605169773
25;1316;5;75.59999847;0;3;176;3.688879013
25;1317;0;75.59999847;0;2;18;4.499810219
25;1318;5;75.59999847;0;2;176;5.634789944
25;1319;1;75.59999847;0;3;33;6.492239952
25;1320;1;75.59999847;0;3;52;4.382027149
25;1321;1;75.59999847;0;4;41;4.787491798
25;1322;0;75.59999847;0;4;24;4.867534161
25;1323;1;75.59999847;0;2;43;5.91350317
25;1324;1;75.59999847;0;4;31;8.656954765
25;1325;5;75.59999847;0;2;169;5.480638981
25;1326;0;75.59999847;0;3;29;4.700479984
25;1327;0;75.59999847;0;2;29;6.234410763
25;1328;0;75.59999847;0;1;24;6.672032833
25;1329;0;75.59999847;0;4;13;4.499810219
25;1330;3;75.59999847;0;3;100;5.39362812
25;1331;1;75.59999847;0;2;57;4.605169773
25;1332;2;75.59999847;0;3;60;6.579250813
25;1333;0;75.59999847;0;4;11;3.912023067
25;1334;0;75.59999847;0;3;15;3.912023067
25;1335;0;75.59999847;0;3;12;4.700479984
25;1336;0;75.59999847;0;3;23;3.688879013
25;1337;3;75.59999847;0;2;108;6.684611797
25;1338;1;75.59999847;0;3;57;4.605169773
25;1339;1;75.59999847;0;3;45;8.113725662
25;1340;2;75.59999847;0;2;64;5.010634899
25;1341;0;75.59999847;0;4;20;7.402451992
25;1342;2;75.59999847;0;2;64;4.094345093
25;1343;0;75.59999847;0;1;20;4.094345093
25;1344;2;75.59999847;0;2;65;6.646390915
25;1345;1;75.59999847;0;4;38;2.995732069
25;1346;0;75.59999847;0;4;17;6.646390915
25;1347;1;75.59999847;0;3;40;4.499810219
25;1348;0;75.59999847;0;3;18;3.401196957
25;1349;0;75.59999847;0;4;14;4.605169773
25;1350;1;75.59999847;0;3;38;6.214608192
25;1351;0;75.59999847;0;3;18;4.700479984
25;1352;2;75.59999847;1;3;62;2.995732069
25;1353;1;75.59999847;0;1;32;3.688879013
25;1354;1;75.59999847;0;3;33;3.912023067
25;1355;1;75.59999847;0;1;37;2.302584887
25;1356;0;75.59999847;0;4;22;4.094345093
25;1357;0;75.59999847;0;3;19;5.135797977
25;1358;7;75.59999847;1;3;238;3.401196957
25;1359;3;75.59999847;1;3;97;3.401196957
25;1360;0;75.59999847;0;4;14;7.138866901
25;1361;1;75.59999847;0;1;36;5.298316956
25;1362;0;75.59999847;0;3;18;8.610684395
25;1363;0;75.59999847;0;4;24;5.703782082
25;1364;0;75.59999847;1;3;10;4.941641808
25;1365;0;75.59999847;1;3;22;2.995732069
25;1366;3;75.59999847;1;2;112;2.302584887
25;1367;1;75.59999847;0;2;33;2.995732069
25;1368;2;75.59999847;1;3;65;5.192956924
25;1369;2;75.59999847;1;3;67;6.620072842
25;1370;2;75.59999847;1;3;81;3.401196957
25;1371;3;75.59999847;1;3;103;3.688879013
25;1372;1;75.59999847;1;3;36;3.912023067
25;1373;2;75.59999847;1;3;82;7.346010208
25;1374;1;75.59999847;1;3;44;2.302584887
25;1375;1;75.59999847;1;3;42;4.382027149
25;1376;1;75.59999847;1;3;44;8.185907364
25;1377;0;75.59999847;1;3;29;2.995732069
25;1378;0;75.59999847;1;4;27;4.094345093
25;1379;0;75.59999847;1;3;19;4.248495102
25;1380;0;75.59999847;1;1;20;4.941641808
25;1381;0;75.59999847;1;3;12;3.688879013
25;1382;0;75.59999847;0;3;18;4.787491798
25;1383;1;75.59999847;1;4;32;4.248495102
25;1384;0;75.59999847;1;3;15;3.912023067
25;1385;1;75.59999847;1;3;31;3.401196957
25;1386;1;75.59999847;1;4;40;3.401196957
25;1387;1;75.59999847;1;3;40;6.234410763
25;1388;0;75.59999847;1;4;13;4.094345093
25;1389;0;75.59999847;1;4;26;3.912023067
25;1390;1;75.59999847;1;3;31;3.912023067
25;1391;0;75.59999847;1;4;28;2.995732069
25;1392;1;75.59999847;1;4;39;2.995732069
25;1393;0;75.59999847;1;4;26;5.736571789
25;1394;0;75.59999847;1;4;27;3.688879013
25;1395;0;75.59999847;1;1;13;4.248495102
25;1396;0;75.59999847;1;2;27;4.248495102
25;1397;1;75.59999847;1;1;36;4.382027149
25;1398;1;75.59999847;1;2;37;4.248495102
25;1399;0;75.59999847;1;2;20;2.995732069
25;1400;0;75.59999847;1;2;21;4.094345093
25;1401;0;75.59999847;1;2;13;5.39362812
25;1402;1;75.59999847;1;2;43;2.995732069
25;1403;0;75.59999847;1;2;24;2.995732069
25;1404;0;75.59999847;1;2;13;3.912023067
26;1405;4;50.59999847;0;2;142;5.669880867
26;1406;0;50.59999847;1;3;15;4.094345093
26;1407;0;50.59999847;1;3;16;6.946976185
26;1408;8;50.59999847;1;3;263;3.912023067
26;1409;7;50.59999847;0;2;217;5.075173855
26;1410;0;50.59999847;0;3;25;4.248495102
26;1411;5;50.59999847;1;2;151;3.912023067
26;1412;7;50.59999847;0;3;211;5.39362812
26;1413;1;50.59999847;0;2;36;4.700479984
26;1414;0;50.59999847;0;3;27;3.688879013
26;1415;2;50.59999847;0;2;74;5.247024059
26;1416;0;50.59999847;1;1;29;7.843849182
26;1417;0;50.59999847;1;4;15;7.570443153
26;1418;0;50.59999847;1;1;10;3.688879013
26;1419;1;50.59999847;1;4;35;3.688879013
26;1420;2;50.59999847;1;1;65;2.302584887
26;1421;0;50.59999847;1;4;13;4.248495102
26;1422;4;50.59999847;0;2;138;5.247024059
26;1423;0;50.59999847;0;3;14;4.787491798
26;1424;1;50.59999847;0;3;44;5.247024059
26;1425;0;50.59999847;0;1;23;5.135797977
26;1426;6;50.59999847;0;2;196;6.866932869
26;1427;3;50.59999847;0;2;112;5.857933044
26;1428;7;50.59999847;0;2;217;5.39362812
26;1429;6;50.59999847;0;3;181;4.700479984
26;1430;4;50.59999847;0;3;129;7.426548958
26;1431;0;50.59999847;0;4;15;4.382027149
26;1432;0;50.59999847;0;3;13;4.382027149
26;1433;2;50.59999847;0;3;61;3.912023067
26;1434;4;50.59999847;0;2;138;4.499810219
26;1435;0;50.59999847;0;2;25;4.700479984
26;1436;5;50.59999847;0;2;164;4.248495102
26;1437;0;50.59999847;0;3;22;5.192956924
26;1438;5;50.59999847;0;3;150;7.047516823
26;1439;6;50.59999847;1;2;202;4.605169773
26;1440;7;50.59999847;1;2;222;6.173786163
26;1441;1;50.59999847;0;1;31;4.605169773
26;1442;1;50.59999847;0;4;36;4.094345093
26;1443;6;50.59999847;1;2;200;4.248495102
26;1444;0;50.59999847;0;3;11;5.247024059
26;1445;0;50.59999847;1;3;22;2.995732069
26;1446;3;50.59999847;1;2;100;4.787491798
26;1447;0;50.59999847;1;3;22;4.700479984
26;1448;1;50.59999847;0;4;33;6.565265179
26;1449;4;50.59999847;1;2;124;3.688879013
26;1450;0;50.59999847;0;3;17;6.309917927
26;1451;6;50.59999847;1;3;187;4.700479984
26;1452;7;50.59999847;1;2;221;4.605169773
26;1453;0;50.59999847;0;1;21;2.995732069
26;1454;0;50.59999847;0;3;18;2.995732069
26;1455;1;50.59999847;0;4;34;2.995732069
26;1456;3;50.59999847;1;2;103;4.248495102
26;1457;1;50.59999847;0;1;41;4.094345093
26;1458;0;50.59999847;1;3;12;3.912023067
26;1459;0;50.59999847;1;3;29;3.401196957
26;1460;0;50.59999847;1;3;14;5.075173855
26;1461;0;50.59999847;1;3;15;3.401196957
26;1462;0;50.59999847;1;4;26;3.688879013
26;1463;0;50.59999847;1;4;22;6.363028049
26;1464;0;50.59999847;1;3;21;4.867534161
26;1465;0;50.59999847;1;4;14;6.327937126
26;1466;0;50.59999847;1;3;20;3.912023067
26;1467;0;50.59999847;1;3;21;5.298316956
26;1468;0;50.59999847;1;3;21;3.688879013
26;1469;1;50.59999847;1;1;30;4.787491798
26;1470;1;50.59999847;1;1;30;2.302584887
26;1471;4;50.59999847;0;3;146;4.499810219
26;1472;1;50.59999847;1;4;37;6.152732849
26;1473;0;50.59999847;1;1;10;4.941641808
26;1474;0;50.59999847;1;1;22;3.912023067
26;1475;0;50.59999847;1;3;13;5.075173855
26;1476;0;50.59999847;0;2;21;6.606649876
26;1477;1;50.59999847;1;1;36;3.912023067
26;1478;4;50.59999847;1;2;126;5.669880867
26;1479;1;50.59999847;1;4;33;4.867534161
26;1480;0;50.59999847;1;4;12;4.499810219
26;1481;0;50.59999847;1;4;15;4.867534161
27;1482;4;63;1;2;139;4.499810219
27;1483;4;63;1;2;138;2.995732069
27;1484;1;63;0;3;38;5.192956924
27;1485;1;63;0;1;43;5.010634899
27;1486;2;63;0;2;88;5.247024059
27;1487;0;63;0;1;18;3.401196957
27;1488;0;63;0;2;26;5.298316956
27;1489;0;63;0;3;29;4.700479984
27;1490;2;63;0;2;82;6.733401775
27;1491;1;63;0;4;31;2.302584887
27;1492;5;63;0;2;157;4.700479984
27;1493;1;63;0;3;33;3.688879013
27;1494;1;63;0;3;33;2.995732069
27;1495;0;63;0;4;10;6.756931782
27;1496;1;63;0;3;37;4.499810219
27;1497;1;63;0;3;40;7.727534771
27;1498;1;63;0;2;50;4.700479984
27;1499;5;63;0;2;169;6.086774826
27;1500;1;63;0;3;47;6.565265179
27;1501;1;63;0;1;49;4.700479984
27;1502;0;63;0;2;20;3.401196957
27;1503;4;63;0;2;123;5.247024059
27;1504;5;63;0;2;150;6.086774826
27;1505;1;63;0;2;42;4.605169773
27;1506;6;63;0;2;192;3.401196957
27;1507;1;63;0;2;35;5.298316956
27;1508;2;63;0;2;66;4.605169773
27;1509;3;63;0;2;100;5.52146101
27;1510;1;63;0;4;31;4.094345093
27;1511;1;63;0;3;42;6.606649876
27;1512;0;63;0;1;29;3.401196957
27;1513;5;63;0;2;151;5.135797977
27;1514;1;63;0;4;30;3.401196957
27;1515;1;63;0;4;33;7.53369379
27;1516;2;63;0;2;82;4.248495102
27;1517;0;63;0;3;12;4.094345093
27;1518;7;63;1;2;228;4.499810219
27;1519;0;63;0;3;13;4.382027149
27;1520;1;63;0;2;33;2.302584887
27;1521;0;63;0;3;19;4.248495102
27;1522;0;63;0;4;12;2.995732069
27;1523;1;63;0;4;33;3.688879013
27;1524;0;63;0;4;13;3.401196957
27;1525;5;63;1;2;174;3.688879013
27;1526;1;63;1;3;46;4.382027149
27;1527;0;63;1;4;24;2.995732069
27;1528;0;63;1;4;25;6.131226063
27;1529;1;63;1;3;36;7.544332027
27;1530;0;63;1;3;12;4.499810219
27;1531;1;63;1;3;37;2.302584887
27;1532;1;63;1;3;40;3.912023067
27;1533;0;63;1;3;26;7.339538097
27;1534;0;63;1;3;18;4.499810219
27;1535;1;63;1;4;38;2.302584887
27;1536;1;63;1;1;52;2.995732069
27;1537;1;63;1;1;46;2.302584887
27;1538;1;63;1;1;30;3.912023067
27;1539;0;63;0;4;15;2.995732069
27;1540;0;63;0;4;13;6.856462002
27;1541;0;63;0;3;11;5.192956924
27;1542;1;63;0;4;34;5.634789944
27;1543;5;63;0;2;165;6.380123138
27;1544;1;63;0;4;41;4.787491798
27;1545;3;63;0;2;117;5.768321037
27;1546;2;63;0;2;73;4.382027149
27;1547;1;63;0;2;44;3.912023067
27;1548;1;63;1;3;32;4.094345093
27;1549;1;63;0;3;32;4.094345093
27;1550;1;63;0;3;46;3.912023067
27;1551;0;63;0;4;13;2.995732069
27;1552;1;63;0;2;46;5.79909277
28;1553;0;37;0;2;17;5.56068182
28;1554;1;37;0;4;33;4.867534161
28;1555;3;37;0;3;116;5.52146101
28;1556;8;37;0;2;258;6.445720196
28;1557;4;37;0;2;120;7.114768982
28;1558;4;37;0;3;129;5.52146101
28;1559;6;37;0;2;189;4.499810219
28;1560;1;37;0;1;38;3.401196957
28;1561;4;37;0;2;129;5.991465092
28;1562;1;37;0;2;54;8.349957466
28;1563;0;37;0;2;24;4.867534161
28;1564;0;37;0;4;26;4.248495102
28;1565;1;37;0;4;34;3.688879013
28;1566;7;37;0;2;212;6.214608192
28;1567;1;37;0;4;33;4.094345093
28;1568;0;37;0;4;20;2.302584887
28;1569;0;37;0;3;17;4.605169773
28;1570;1;37;0;1;32;2.302584887
28;1571;2;37;0;3;82;4.700479984
28;1572;0;37;0;3;22;2.302584887
28;1573;0;37;0;3;29;4.094345093
28;1574;5;37;1;2;178;5.192956924
28;1575;0;37;0;3;26;3.688879013
28;1576;4;37;1;2;141;4.941641808
28;1577;7;37;1;2;234;4.094345093
28;1578;4;37;1;2;129;3.912023067
28;1579;7;37;1;3;238;3.688879013
28;1580;1;37;1;4;34;2.995732069
28;1581;1;37;1;4;37;4.499810219
28;1582;0;37;1;1;23;4.382027149
28;1583;4;37;1;3;131;4.094345093
28;1584;5;37;1;3;161;4.094345093
28;1585;0;37;0;1;21;6.086774826
28;1586;0;37;1;4;27;4.700479984
28;1587;0;37;1;3;14;6.866932869
28;1588;0;37;1;4;14;4.248495102
28;1589;0;37;1;3;10;4.605169773
28;1590;0;37;1;3;25;4.605169773
28;1591;0;37;1;3;20;4.094345093
28;1592;0;37;1;4;11;4.094345093
28;1593;1;37;1;1;38;3.688879013
28;1594;1;37;1;1;30;2.995732069
28;1595;0;37;1;4;24;2.302584887
28;1596;1;37;1;1;41;2.995732069
28;1597;0;37;1;1;14;4.248495102
28;1598;1;37;1;1;41;4.700479984
28;1599;0;37;1;1;23;2.302584887
29;1600;0;31.39999962;0;3;10;3.401196957
29;1601;1;31.39999962;1;2;49;6.492239952
29;1602;0;31.39999962;0;2;15;4.382027149
29;1603;2;31.39999962;0;2;85;4.867534161
29;1604;0;31.39999962;0;2;24;4.700479984
29;1605;0;31.39999962;0;3;27;5.347107887
29;1606;0;31.39999962;0;4;10;8.055157661
29;1607;0;31.39999962;1;2;21;2.995732069
29;1608;0;31.39999962;1;1;17;5.39362812
29;1609;5;31.39999962;0;2;165;7.192934036
29;1610;1;31.39999962;1;2;36;6.309917927
29;1611;4;31.39999962;0;2;120;4.605169773
29;1612;0;31.39999962;1;1;13;4.382027149
29;1613;1;31.39999962;1;4;33;2.995732069
29;1614;0;31.39999962;0;2;20;5.43807888
29;1615;0;31.39999962;0;2;19;5.52146101
29;1616;1;31.39999962;0;2;43;6.887553215
29;1617;0;31.39999962;1;1;13;4.605169773
29;1618;0;31.39999962;0;2;13;4.867534161
29;1619;0;31.39999962;0;2;21;2.995732069
29;1620;0;31.39999962;0;2;19;5.075173855
29;1621;8;31.39999962;1;2;253;3.688879013
29;1622;1;31.39999962;1;1;43;3.912023067
29;1623;0;31.39999962;1;1;12;4.094345093
29;1624;0;31.39999962;0;3;23;5.634789944
29;1625;1;31.39999962;0;2;30;6.234410763
29;1626;0;31.39999962;0;1;16;3.688879013
29;1627;0;31.39999962;0;2;15;4.605169773
29;1628;5;31.39999962;0;3;168;7.003065109
29;1629;0;31.39999962;1;2;28;2.995732069
29;1630;1;31.39999962;1;2;55;4.382027149
29;1631;3;31.39999962;0;2;105;5.39362812
29;1632;0;31.39999962;0;2;13;4.867534161
29;1633;3;31.39999962;0;2;101;4.499810219
29;1634;1;31.39999962;0;3;45;5.669880867
29;1635;0;31.39999962;0;3;10;7.012115002
29;1636;1;31.39999962;1;1;44;2.302584887
29;1637;0;31.39999962;1;4;16;4.094345093
29;1638;0;31.39999962;1;1;10;3.912023067
29;1639;5;31.39999962;0;2;173;5.247024059
29;1640;0;31.39999962;0;2;16;6.579250813
29;1641;2;31.39999962;0;2;87;4.867534161
29;1642;0;31.39999962;0;3;10;3.912023067
29;1643;5;31.39999962;0;2;164;4.499810219
29;1644;1;31.39999962;0;2;32;5.192956924
29;1645;2;31.39999962;0;2;88;4.382027149
29;1646;0;31.39999962;0;1;19;5.192956924
29;1647;4;31.39999962;0;2;141;4.700479984
29;1648;1;31.39999962;0;1;42;4.867534161
29;1649;0;31.39999962;1;2;23;5.79909277
29;1650;0;31.39999962;1;2;24;2.995732069
29;1651;0;31.39999962;0;1;12;3.688879013
29;1652;0;31.39999962;1;4;12;3.401196957
29;1653;0;31.39999962;1;4;25;4.499810219
30;1654;0;35;0;3;15;7.585789204
30;1655;5;35;0;2;150;6.802394867
30;1656;0;35;0;2;11;6.606649876
30;1657;4;35;0;2;122;6.633317947
30;1658;0;35;0;3;17;6.152732849
30;1659;4;35;0;2;132;7.595890045
30;1660;7;35;0;2;221;5.192956924
30;1661;0;35;0;3;11;5.135797977
30;1662;0;35;0;3;24;3.401196957
30;1663;1;35;0;2;49;3.688879013
30;1664;4;35;0;2;121;5.192956924
30;1665;3;35;0;2;94;2.995732069
30;1666;4;35;0;3;124;6.975413799
30;1667;4;35;0;3;127;5.39362812
30;1668;3;35;0;3;118;2.302584887
30;1669;5;35;0;2;175;6.733401775
30;1670;1;35;0;3;35;7.64012289
30;1671;2;35;0;2;79;6.214608192
30;1672;0;35;0;4;15;4.867534161
30;1673;0;35;0;4;29;3.688879013
30;1674;2;35;0;3;78;6.659294128
30;1675;1;35;0;3;56;5.634789944
30;1676;3;35;0;2;91;2.995732069
30;1677;0;35;0;3;25;6.756931782
30;1678;0;35;0;1;22;4.499810219
30;1679;2;35;0;3;69;4.094345093
30;1680;0;35;0;4;17;5.79909277
30;1681;0;35;0;3;18;4.867534161
30;1682;1;35;0;1;42;4.382027149
30;1683;1;35;0;1;43;4.867534161
30;1684;7;35;1;3;209;2.302584887
30;1685;0;35;0;1;20;6.396930218
30;1686;0;35;0;3;25;3.401196957
30;1687;0;35;1;4;14;2.995732069
30;1688;0;35;1;4;18;2.995732069
30;1689;0;35;1;3;26;5.135797977
30;1690;0;35;1;4;10;4.700479984
30;1691;1;35;1;1;42;2.302584887
30;1692;0;35;1;4;29;7.66387701
30;1693;1;35;1;1;31;6.684611797
30;1694;0;35;1;4;16;3.912023067
30;1695;0;35;1;4;11;4.605169773
30;1696;0;35;1;1;14;5.298316956
30;1697;1;35;1;1;37;7.506591797
30;1698;0;35;1;1;20;3.401196957
30;1699;0;35;1;1;26;6.086774826
30;1700;0;35;1;1;22;5.56068182
31;1701;4;14.60000038;0;2;138;6.345635891
31;1702;2;14.60000038;0;3;89;6.907754898
31;1703;0;14.60000038;0;1;24;2.995732069
31;1704;3;14.60000038;0;2;104;4.382027149
31;1705;0;14.60000038;0;3;29;2.302584887
31;1706;3;14.60000038;0;2;114;2.302584887
31;1707;0;14.60000038;0;4;16;4.605169773
31;1708;2;14.60000038;0;2;84;5.39362812
31;1709;1;14.60000038;0;1;40;6.063785076
31;1710;5;14.60000038;1;2;154;5.59842205
31;1711;0;14.60000038;0;4;20;2.302584887
31;1712;0;14.60000038;0;1;22;6.579250813
31;1713;0;14.60000038;1;1;25;4.094345093
31;1714;1;14.60000038;1;4;39;5.010634899
31;1715;1;14.60000038;0;3;35;4.382027149
31;1716;1;14.60000038;1;1;45;2.302584887
31;1717;0;14.60000038;1;4;19;2.995732069
31;1718;0;14.60000038;1;4;13;3.688879013
31;1719;1;14.60000038;1;4;38;2.995732069
31;1720;1;14.60000038;1;1;39;2.302584887
32;1721;3;43.29999924;0;3;92;4.382027149
32;1722;3;43.29999924;1;3;101;4.248495102
32;1723;4;43.29999924;1;3;139;4.499810219
32;1724;6;43.29999924;0;2;195;6.522092819
32;1725;0;43.29999924;1;2;17;4.499810219
32;1726;3;43.29999924;0;3;114;4.941641808
32;1727;2;43.29999924;0;3;63;7.570443153
32;1728;1;43.29999924;0;1;47;6.476972103
32;1729;0;43.29999924;0;1;17;6.507277966
32;1730;1;43.29999924;0;1;51;5.736571789
32;1731;1;43.29999924;1;4;33;5.59842205
32;1732;2;43.29999924;0;2;70;8.035925865
32;1733;0;43.29999924;0;3;14;7.999679089
32;1734;1;43.29999924;0;1;51;5.347107887
32;1735;3;43.29999924;0;3;93;7.915712833
32;1736;5;43.29999924;0;3;162;5.56068182
32;1737;1;43.29999924;0;2;35;5.886104107
32;1738;4;43.29999924;0;2;131;4.499810219
32;1739;5;43.29999924;0;2;162;4.094345093
32;1740;0;43.29999924;0;3;23;6.856462002
32;1741;1;43.29999924;0;4;36;6.04025507
32;1742;1;43.29999924;0;3;40;6.593045235
32;1743;5;43.29999924;1;3;155;4.867534161
32;1744;4;43.29999924;0;2;120;5.669880867
32;1745;1;43.29999924;0;1;30;5.79909277
32;1746;1;43.29999924;0;2;43;4.700479984
32;1747;1;43.29999924;1;2;43;5.56068182
32;1748;8;43.29999924;1;3;258;5.886104107
32;1749;0;43.29999924;0;3;18;4.094345093
32;1750;1;43.29999924;1;2;47;3.688879013
32;1751;3;43.29999924;1;3;97;5.886104107
32;1752;4;43.29999924;1;3;136;4.094345093
32;1753;3;43.29999924;1;3;90;9.044285774
32;1754;1;43.29999924;1;1;35;5.480638981
32;1755;0;43.29999924;1;1;28;5.075173855
32;1756;2;43.29999924;1;1;59;3.912023067
32;1757;0;43.29999924;1;3;11;5.634789944
32;1758;0;43.29999924;1;1;27;4.700479984
32;1759;0;43.29999924;1;1;26;4.499810219
32;1760;0;43.29999924;1;1;10;4.787491798
32;1761;1;43.29999924;1;2;32;4.787491798
32;1762;0;43.29999924;1;1;17;4.605169773
32;1763;0;43.29999924;1;1;20;3.401196957
32;1764;1;43.29999924;1;1;33;4.248495102
32;1765;0;43.29999924;1;2;16;4.867534161
32;1766;7;43.29999924;0;2;221;5.298316956
32;1767;1;43.29999924;1;4;30;4.787491798
32;1768;1;43.29999924;1;4;30;5.43807888
32;1769;0;43.29999924;1;4;10;3.912023067
32;1770;1;43.29999924;1;4;48;4.248495102
33;1771;9;32.20000076;0;2;276;5.857933044
33;1772;4;32.20000076;0;2;146;6.086774826
33;1773;3;32.20000076;0;2;109;4.248495102
33;1774;1;32.20000076;0;3;30;5.192956924
33;1775;0;32.20000076;0;3;23;5.480638981
33;1776;0;32.20000076;0;1;12;6.063785076
33;1777;1;32.20000076;0;2;57;6.46146822
33;1778;3;32.20000076;0;2;92;5.43807888
33;1779;0;32.20000076;0;4;25;4.094345093
33;1780;7;32.20000076;0;2;212;7.319865227
33;1781;0;32.20000076;0;4;21;3.912023067
33;1782;1;32.20000076;0;2;33;4.867534161
33;1783;4;32.20000076;0;2;141;5.768321037
33;1784;0;32.20000076;0;3;26;5.135797977
33;1785;1;32.20000076;0;2;55;5.768321037
33;1786;0;32.20000076;0;4;12;4.867534161
33;1787;1;32.20000076;0;2;54;4.499810219
33;1788;4;32.20000076;0;3;125;5.010634899
33;1789;1;32.20000076;0;3;34;4.605169773
33;1790;1;32.20000076;0;3;37;4.094345093
33;1791;7;32.20000076;1;2;219;4.248495102
33;1792;6;32.20000076;1;2;187;4.605169773
33;1793;1;32.20000076;0;4;38;4.248495102
33;1794;0;32.20000076;0;4;11;4.248495102
33;1795;0;32.20000076;0;4;21;3.912023067
33;1796;0;32.20000076;0;4;21;7.889833927
33;1797;1;32.20000076;0;1;36;2.302584887
33;1798;0;32.20000076;0;4;16;2.302584887
33;1799;0;32.20000076;1;3;21;4.094345093
33;1800;4;32.20000076;1;2;139;4.094345093
33;1801;0;32.20000076;0;4;11;3.912023067
33;1802;2;32.20000076;1;2;79;5.135797977
33;1803;4;32.20000076;1;3;146;2.995732069
33;1804;0;32.20000076;1;4;21;4.499810219
33;1805;1;32.20000076;1;3;32;3.401196957
33;1806;0;32.20000076;0;3;10;3.401196957
33;1807;0;32.20000076;1;4;14;3.401196957
33;1808;0;32.20000076;1;3;12;4.248495102
33;1809;0;32.20000076;1;4;18;4.787491798
33;1810;0;32.20000076;1;4;18;4.094345093
33;1811;0;32.20000076;1;4;26;5.247024059
33;1812;0;32.20000076;1;1;23;2.995732069
33;1813;1;32.20000076;1;1;42;6.345635891
33;1814;1;32.20000076;1;1;36;2.995732069
33;1815;1;32.20000076;1;1;38;4.499810219
33;1816;0;32.20000076;1;1;22;2.995732069
34;1817;6;21.39999962;1;2;200;6.01615715
34;1818;1;21.39999962;0;1;45;6.917706013
34;1819;1;21.39999962;0;2;33;4.094345093
34;1820;2;21.39999962;0;2;78;5.56068182
34;1821;1;21.39999962;0;2;31;6.802394867
34;1822;4;21.39999962;0;3;135;8.550627708
34;1823;1;21.39999962;0;1;41;4.382027149
34;1824;0;21.39999962;0;2;29;5.56068182
34;1825;0;21.39999962;0;4;11;4.382027149
34;1826;0;21.39999962;0;4;20;5.135797977
34;1827;1;21.39999962;0;4;40;4.867534161
34;1828;0;21.39999962;0;4;18;6.214608192
34;1829;7;21.39999962;1;3;226;4.867534161
34;1830;6;21.39999962;1;3;194;4.605169773
34;1831;7;21.39999962;1;3;212;4.382027149
34;1832;1;21.39999962;1;1;36;3.401196957
34;1833;1;21.39999962;1;1;44;6.813445091
34;1834;0;21.39999962;1;4;21;5.886104107
34;1835;1;21.39999962;1;4;31;6.46146822
34;1836;0;21.39999962;1;1;17;5.192956924
34;1837;1;21.39999962;1;4;31;4.787491798
34;1838;4;21.39999962;0;2;141;4.248495102
35;1839;1;39.20000076;0;2;44;6.670765877
35;1840;3;39.20000076;0;3;90;6.621406078
35;1841;1;39.20000076;0;2;35;7.499423027
35;1842;0;39.20000076;0;2;29;6.879355907
35;1843;0;39.20000076;0;2;26;7.213768005
35;1844;1;39.20000076;0;2;43;6.210599899
35;1845;4;39.20000076;0;2;146;5.257494926
35;1846;4;39.20000076;0;3;125;6.781057835
35;1847;0;39.20000076;0;1;17;4.158883095
35;1848;4;39.20000076;0;3;129;5.288267136
35;1849;0;39.20000076;0;2;23;6.376727104
35;1850;0;39.20000076;0;4;10;7.893571854
35;1851;1;39.20000076;0;1;44;6.678341866
35;1852;4;39.20000076;0;2;141;4.828313828
35;1853;0;39.20000076;0;4;17;6.88653183
35;1854;0;39.20000076;0;1;12;5.476463795
35;1855;0;39.20000076;0;1;26;4.158883095
35;1856;1;39.20000076;0;2;34;4.820281982
35;1857;2;39.20000076;0;2;67;6.148468018
35;1858;5;39.20000076;0;3;165;3.761199951
35;1859;1;39.20000076;0;4;33;6.208590031
35;1860;1;39.20000076;0;4;32;5.272999763
35;1861;6;39.20000076;1;2;188;4.820281982
35;1862;1;39.20000076;0;4;30;4.007332802
35;1863;1;39.20000076;0;2;40;4.663438797
35;1864;0;39.20000076;0;4;18;5.937535763
35;1865;1;39.20000076;0;4;30;5.676753998
35;1866;0;39.20000076;0;1;21;4.189654827
35;1867;0;39.20000076;0;1;10;7.574557781
35;1868;6;39.20000076;1;2;189;4.510859966
35;1869;1;39.20000076;0;2;38;3.871201038
35;1870;1;39.20000076;0;1;40;5.298316956
35;1871;0;39.20000076;0;1;14;4.62497282
35;1872;0;39.20000076;0;4;18;6.857513905
35;1873;1;39.20000076;0;1;35;5.043425083
35;1874;1;39.20000076;0;1;32;6.335053921
35;1875;0;39.20000076;0;4;23;5.846438885
35;1876;0;39.20000076;1;2;23;5.176149845
35;1877;0;39.20000076;1;4;12;4.174386978
35;1878;0;39.20000076;1;1;24;3.737669945
35;1879;0;39.20000076;1;4;14;6.687108994
35;1880;0;39.20000076;1;2;23;3.912023067
35;1881;0;39.20000076;1;1;24;3.496507883
35;1882;1;39.20000076;1;2;31;3.610918045
35;1883;1;39.20000076;1;4;30;3.806662083
35;1884;0;39.20000076;1;4;24;5.981413841
35;1885;1;39.20000076;1;4;34;7.065612793
35;1886;1;39.20000076;1;4;38;4.912654877
35;1887;1;39.20000076;1;4;35;5.017280102
35;1888;0;39.20000076;1;4;29;3.663562059
35;1889;1;39.20000076;1;1;32;2.564949036
36;1890;4;55.70000076;0;3;122;5.075173855
36;1891;0;55.70000076;0;1;10;5.010634899
36;1892;0;55.70000076;0;2;20;7.056175232
36;1893;6;55.70000076;0;3;189;4.941641808
36;1894;0;55.70000076;0;2;21;8.250619888
36;1895;1;55.70000076;0;2;38;6.672032833
36;1896;1;55.70000076;0;1;45;5.91350317
36;1897;1;55.70000076;0;1;37;4.382027149
36;1898;5;55.70000076;0;2;150;4.700479984
36;1899;3;55.70000076;0;2;90;4.787491798
36;1900;1;55.70000076;0;3;39;4.700479984
36;1901;0;55.70000076;0;1;23;7.02997303
36;1902;1;55.70000076;0;1;33;5.966146946
36;1903;6;55.70000076;0;2;187;5.247024059
36;1904;5;55.70000076;0;3;162;7.27931881
36;1905;3;55.70000076;0;2;116;4.941641808
36;1906;1;55.70000076;0;1;32;5.56068182
36;1907;5;55.70000076;0;3;161;5.347107887
36;1908;0;55.70000076;0;1;22;4.941641808
36;1909;0;55.70000076;0;1;12;6.445720196
36;1910;0;55.70000076;0;2;28;4.605169773
36;1911;1;55.70000076;0;1;42;4.787491798
36;1912;1;55.70000076;0;1;33;6.04025507
36;1913;0;55.70000076;0;1;20;4.248495102
36;1914;0;55.70000076;0;1;20;6.659294128
36;1915;0;55.70000076;0;1;21;5.56068182
36;1916;0;55.70000076;0;2;20;3.401196957
36;1917;6;55.70000076;0;3;183;5.52146101
36;1918;2;55.70000076;0;3;69;4.787491798
36;1919;0;55.70000076;0;3;23;5.010634899
36;1920;0;55.70000076;0;3;14;5.43807888
36;1921;1;55.70000076;0;1;36;5.43807888
36;1922;1;55.70000076;0;3;40;4.382027149
36;1923;1;55.70000076;0;3;38;4.867534161
36;1924;0;55.70000076;0;4;14;4.499810219
36;1925;0;55.70000076;0;4;26;3.401196957
36;1926;0;55.70000076;0;1;23;4.248495102
36;1927;0;55.70000076;0;1;22;2.995732069
36;1928;0;55.70000076;0;4;24;3.688879013
36;1929;8;55.70000076;1;3;258;5.52146101
36;1930;1;55.70000076;0;1;43;3.688879013
36;1931;0;55.70000076;0;1;15;5.135797977
36;1932;2;55.70000076;1;3;69;3.401196957
36;1933;1;55.70000076;1;3;39;3.401196957
36;1934;6;55.70000076;1;3;203;3.912023067
36;1935;0;55.70000076;0;2;21;3.688879013
36;1936;0;55.70000076;1;4;22;3.688879013
36;1937;2;55.70000076;1;3;82;3.688879013
36;1938;2;55.70000076;1;3;66;2.302584887
36;1939;2;55.70000076;1;3;69;2.995732069
36;1940;2;55.70000076;1;3;66;2.302584887
36;1941;0;55.70000076;1;3;11;3.401196957
36;1942;0;55.70000076;0;4;29;4.248495102
36;1943;0;55.70000076;1;3;20;6.507277966
36;1944;0;55.70000076;0;4;29;3.401196957
36;1945;2;55.70000076;1;3;77;3.401196957
36;1946;3;55.70000076;1;3;97;4.094345093
36;1947;1;55.70000076;0;4;30;4.382027149
36;1948;1;55.70000076;1;3;53;2.302584887
36;1949;1;55.70000076;1;4;34;3.688879013
36;1950;1;55.70000076;1;2;34;3.912023067
36;1951;1;55.70000076;1;3;30;2.995732069
36;1952;0;55.70000076;1;1;18;4.382027149
36;1953;1;55.70000076;1;2;33;4.605169773
36;1954;0;55.70000076;1;1;24;6.253829002
36;1955;0;55.70000076;1;3;20;4.248495102
36;1956;0;55.70000076;1;2;12;3.401196957
36;1957;0;55.70000076;1;3;28;2.302584887
36;1958;0;55.70000076;1;3;26;4.094345093
36;1959;1;55.70000076;1;3;34;3.912023067
36;1960;1;55.70000076;1;3;33;4.700479984
36;1961;0;55.70000076;1;2;27;2.995732069
36;1962;0;55.70000076;0;1;11;4.248495102
36;1963;1;55.70000076;0;1;34;6.01615715
37;1964;1;48.40000153;0;2;56;3.912023067
37;1965;0;48.40000153;0;2;18;3.688879013
37;1966;5;48.40000153;0;2;158;6.396930218
37;1967;4;48.40000153;0;2;124;7.414573193
37;1968;5;48.40000153;0;2;166;5.298316956
37;1969;6;48.40000153;0;2;180;6.684611797
37;1970;4;48.40000153;0;2;142;6.152732849
37;1971;5;48.40000153;0;2;175;7.461639881
37;1972;1;48.40000153;0;2;38;3.688879013
37;1973;1;48.40000153;0;3;32;4.094345093
37;1974;0;48.40000153;0;1;15;3.401196957
37;1975;0;48.40000153;0;2;28;4.382027149
37;1976;0;48.40000153;0;2;26;3.912023067
37;1977;1;48.40000153;0;2;47;3.912023067
37;1978;0;48.40000153;0;1;26;4.094345093
37;1979;0;48.40000153;0;1;13;6.565265179
37;1980;0;48.40000153;0;1;28;3.401196957
37;1981;5;48.40000153;0;2;155;5.192956924
37;1982;1;48.40000153;0;2;35;5.010634899
37;1983;0;48.40000153;0;3;26;5.480638981
37;1984;0;48.40000153;0;4;13;6.476972103
37;1985;1;48.40000153;0;1;30;6.835185051
37;1986;0;48.40000153;0;4;12;4.941641808
37;1987;0;48.40000153;0;3;13;4.499810219
37;1988;6;48.40000153;0;2;199;5.43807888
37;1989;2;48.40000153;0;2;73;5.828946114
37;1990;1;48.40000153;0;2;41;4.499810219
37;1991;1;48.40000153;0;2;35;5.192956924
37;1992;0;48.40000153;0;1;29;3.401196957
37;1993;1;48.40000153;0;2;34;3.912023067
37;1994;2;48.40000153;0;2;89;4.382027149
37;1995;7;48.40000153;1;2;226;4.094345093
37;1996;3;48.40000153;0;2;93;5.135797977
37;1997;0;48.40000153;0;4;15;4.499810219
37;1998;0;48.40000153;0;4;18;3.401196957
37;1999;1;48.40000153;0;4;34;3.688879013
37;2000;6;48.40000153;1;2;192;5.247024059
37;2001;6;48.40000153;1;2;203;5.347107887
37;2002;0;48.40000153;0;1;12;4.941641808
37;2003;0;48.40000153;0;1;22;6.856462002
37;2004;1;48.40000153;0;4;37;2.302584887
37;2005;0;48.40000153;0;1;20;4.094345093
37;2006;4;48.40000153;1;2;134;3.401196957
37;2007;1;48.40000153;1;2;49;3.401196957
37;2008;2;48.40000153;1;2;62;5.886104107
37;2009;3;48.40000153;1;2;117;3.401196957
37;2010;0;48.40000153;1;4;26;2.995732069
37;2011;0;48.40000153;1;4;11;6.253829002
37;2012;0;48.40000153;0;3;12;3.688879013
37;2013;1;48.40000153;1;4;42;3.912023067
37;2014;1;48.40000153;1;4;31;3.401196957
37;2015;0;48.40000153;1;4;18;5.010634899
37;2016;1;48.40000153;1;4;34;2.995732069
37;2017;1;48.40000153;1;4;31;6.363028049
37;2018;1;48.40000153;1;4;41;4.787491798
37;2019;1;48.40000153;1;1;36;4.787491798
37;2020;1;48.40000153;1;1;35;3.912023067
37;2021;0;48.40000153;1;1;23;4.094345093
37;2022;0;48.40000153;1;1;20;6.551080227
37;2023;1;48.40000153;1;2;38;7.855545044
37;2024;0;48.40000153;1;1;27;4.499810219
37;2025;0;48.40000153;1;1;28;5.669880867
37;2026;0;48.40000153;1;1;12;3.912023067
37;2027;0;48.40000153;1;2;22;3.401196957
37;2028;0;48.40000153;1;1;29;4.382027149
37;2029;1;48.40000153;1;2;34;3.401196957
38;2030;3;39;0;3;115;6.429718971
38;2031;0;39;0;2;10;7.736307144
38;2032;4;39;0;2;125;6.309917927
38;2033;2;39;0;2;74;4.605169773
38;2034;0;39;0;4;19;6.396930218
38;2035;0;39;0;1;12;5.298316956
38;2036;4;39;0;2;122;4.700479984
38;2037;1;39;0;2;36;5.135797977
38;2038;1;39;0;3;56;4.094345093
38;2039;0;39;0;3;16;7.444249153
38;2040;0;39;0;2;29;5.59842205
38;2041;1;39;0;3;45;5.075173855
38;2042;1;39;0;3;35;4.700479984
38;2043;0;39;0;4;22;2.995732069
38;2044;5;39;0;2;161;4.499810219
38;2045;3;39;0;3;115;5.298316956
38;2046;0;39;0;1;15;4.499810219
38;2047;1;39;0;3;30;5.347107887
38;2048;1;39;0;3;30;3.401196957
38;2049;0;39;0;1;10;4.382027149
38;2050;4;39;0;3;132;5.43807888
38;2051;4;39;0;3;140;5.828946114
38;2052;1;39;0;2;31;5.192956924
38;2053;0;39;0;4;13;5.736571789
38;2054;1;39;0;1;37;5.247024059
38;2055;1;39;0;4;31;3.688879013
38;2056;8;39;1;2;245;4.700479984
38;2057;0;39;0;1;27;5.59842205
38;2058;1;39;0;3;35;2.995732069
38;2059;1;39;0;1;39;4.499810219
38;2060;1;39;0;3;35;5.192956924
38;2061;0;39;0;1;29;3.912023067
38;2062;0;39;0;1;14;2.995732069
38;2063;0;39;1;3;21;4.094345093
38;2064;1;39;1;2;44;3.912023067
38;2065;2;39;1;3;86;3.912023067
38;2066;8;39;1;3;250;4.867534161
38;2067;1;39;0;3;31;4.867534161
38;2068;1;39;1;1;30;3.401196957
38;2069;0;39;1;4;19;4.382027149
38;2070;1;39;0;3;54;3.912023067
38;2071;0;39;1;3;23;3.688879013
38;2072;0;39;1;4;20;3.401196957
38;2073;0;39;0;3;19;5.669880867
38;2074;1;39;1;1;34;4.499810219
38;2075;0;39;1;1;28;5.828946114
38;2076;0;39;1;2;16;4.094345093
38;2077;0;39;1;1;24;5.010634899
38;2078;0;39;1;2;15;4.094345093
38;2079;0;39;1;1;22;2.995732069
38;2080;0;39;1;3;28;4.382027149
38;2081;0;39;1;2;18;3.401196957
38;2082;0;39;1;1;28;3.401196957
38;2083;0;39;1;2;16;3.401196957
39;2084;0;43.40000153;0;2;29;3.912023067
39;2085;2;43.40000153;0;3;67;3.912023067
39;2086;0;43.40000153;0;3;21;6.620072842
39;2087;2;43.40000153;0;2;79;4.700479984
39;2088;1;43.40000153;1;2;48;2.995732069
39;2089;1;43.40000153;0;3;35;5.247024059
39;2090;0;43.40000153;0;4;27;5.480638981
39;2091;1;43.40000153;0;2;45;4.248495102
39;2092;6;43.40000153;0;2;196;4.700479984
39;2093;5;43.40000153;0;2;176;3.912023067
39;2094;0;43.40000153;0;4;26;2.995732069
39;2095;0;43.40000153;0;2;26;3.688879013
39;2096;1;43.40000153;0;1;31;4.605169773
39;2097;0;43.40000153;0;3;21;4.094345093
39;2098;0;43.40000153;0;2;28;2.995732069
39;2099;4;43.40000153;0;2;144;5.634789944
39;2100;0;43.40000153;0;3;26;6.272877216
39;2101;3;43.40000153;0;2;115;3.688879013
39;2102;7;43.40000153;0;2;224;4.867534161
39;2103;0;43.40000153;0;3;14;2.995732069
39;2104;0;43.40000153;0;3;27;4.094345093
39;2105;4;43.40000153;0;2;147;6.413458824
39;2106;4;43.40000153;0;2;136;4.248495102
39;2107;1;43.40000153;0;2;59;4.382027149
39;2108;1;43.40000153;0;3;38;2.302584887
39;2109;6;43.40000153;1;2;180;5.135797977
39;2110;1;43.40000153;0;3;31;3.401196957
39;2111;3;43.40000153;1;2;105;3.401196957
39;2112;1;43.40000153;0;4;33;4.382027149
39;2113;0;43.40000153;0;4;19;5.347107887
39;2114;2;43.40000153;1;2;60;3.401196957
39;2115;4;43.40000153;1;2;132;3.912023067
39;2116;2;43.40000153;1;2;88;5.857933044
39;2117;4;43.40000153;1;2;140;7.319865227
39;2118;2;43.40000153;1;2;63;4.094345093
39;2119;4;43.40000153;1;2;123;5.075173855
39;2120;1;43.40000153;1;2;33;3.401196957
39;2121;0;43.40000153;1;4;17;2.995732069
39;2122;0;43.40000153;1;4;10;4.094345093
39;2123;1;43.40000153;1;2;56;3.688879013
39;2124;0;43.40000153;1;4;24;3.401196957
39;2125;0;43.40000153;1;4;29;3.401196957
39;2126;0;43.40000153;1;3;22;3.912023067
39;2127;0;43.40000153;1;3;10;4.867534161
39;2128;1;43.40000153;1;4;30;2.302584887
39;2129;0;43.40000153;1;4;17;7.185387135
39;2130;1;43.40000153;1;4;34;3.912023067
39;2131;0;43.40000153;1;1;23;2.995732069
39;2132;0;43.40000153;1;2;10;4.941641808
39;2133;0;43.40000153;1;2;20;2.995732069
40;2134;0;37.70000076;0;2;16;7.162396908
40;2135;0;37.70000076;0;2;11;5.56068182
40;2136;0;37.70000076;0;2;22;4.605169773
40;2137;2;37.70000076;0;2;68;2.995732069
40;2138;1;37.70000076;0;3;38;4.094345093
40;2139;0;37.70000076;0;2;21;3.688879013
40;2140;8;37.70000076;0;2;248;2.302584887
40;2141;1;37.70000076;0;4;32;2.302584887
40;2142;0;37.70000076;0;3;26;4.941641808
40;2143;2;37.70000076;0;4;93;2.302584887
40;2144;1;37.70000076;0;2;48;2.995732069
40;2145;5;37.70000076;0;2;152;4.094345093
40;2146;1;37.70000076;0;4;37;2.302584887
40;2147;0;37.70000076;0;1;24;2.302584887
40;2148;1;37.70000076;0;4;42;2.995732069
40;2149;1;37.70000076;0;3;52;3.401196957
40;2150;0;37.70000076;0;3;19;2.302584887
40;2151;7;37.70000076;0;2;222;6.536692142
40;2152;1;37.70000076;0;2;35;2.995732069
40;2153;5;37.70000076;0;2;165;3.688879013
40;2154;1;37.70000076;0;2;48;5.39362812
40;2155;0;37.70000076;0;1;17;2.302584887
40;2156;2;37.70000076;0;2;84;2.302584887
40;2157;1;37.70000076;0;1;37;4.248495102
40;2158;1;37.70000076;0;2;37;2.995732069
40;2159;0;37.70000076;0;4;12;2.995732069
40;2160;1;37.70000076;0;3;51;3.688879013
40;2161;4;37.70000076;1;2;131;5.135797977
40;2162;0;37.70000076;0;4;19;5.56068182
40;2163;1;37.70000076;0;3;38;3.401196957
40;2164;1;37.70000076;0;4;37;6.522092819
40;2165;1;37.70000076;0;4;33;4.248495102
40;2166;0;37.70000076;0;1;25;2.995732069
40;2167;0;37.70000076;1;2;20;4.499810219
40;2168;0;37.70000076;1;1;23;4.787491798
40;2169;2;37.70000076;1;2;84;4.248495102
40;2170;0;37.70000076;1;4;18;3.912023067
40;2171;1;37.70000076;1;4;32;3.401196957
40;2172;0;37.70000076;1;4;24;2.302584887
40;2173;0;37.70000076;1;3;11;4.867534161
40;2174;0;37.70000076;1;1;28;3.401196957
40;2175;0;37.70000076;1;4;25;3.401196957
40;2176;0;37.70000076;1;4;20;2.995732069
40;2177;0;37.70000076;1;2;26;4.094345093
40;2178;1;37.70000076;1;2;36;2.302584887
